-- MySQL dump 10.13  Distrib 5.1.73, for debian-linux-gnu (x86_64)
--
-- Host: localhost    Database: roundtrial_production
-- ------------------------------------------------------
-- Server version	5.1.73-1-log

/*!40101 SET @OLD_CHARACTER_SET_CLIENT=@@CHARACTER_SET_CLIENT */;
/*!40101 SET @OLD_CHARACTER_SET_RESULTS=@@CHARACTER_SET_RESULTS */;
/*!40101 SET @OLD_COLLATION_CONNECTION=@@COLLATION_CONNECTION */;
/*!40101 SET NAMES utf8 */;
/*!40103 SET @OLD_TIME_ZONE=@@TIME_ZONE */;
/*!40103 SET TIME_ZONE='+00:00' */;
/*!40014 SET @OLD_UNIQUE_CHECKS=@@UNIQUE_CHECKS, UNIQUE_CHECKS=0 */;
/*!40014 SET @OLD_FOREIGN_KEY_CHECKS=@@FOREIGN_KEY_CHECKS, FOREIGN_KEY_CHECKS=0 */;
/*!40101 SET @OLD_SQL_MODE=@@SQL_MODE, SQL_MODE='NO_AUTO_VALUE_ON_ZERO' */;
/*!40111 SET @OLD_SQL_NOTES=@@SQL_NOTES, SQL_NOTES=0 */;

--
-- Current Database: `roundtrial_production`
--

CREATE DATABASE /*!32312 IF NOT EXISTS*/ `roundtrial_production` /*!40100 DEFAULT CHARACTER SET utf8 COLLATE utf8_unicode_ci */;

USE `roundtrial_production`;

--
-- Table structure for table `devices`
--

DROP TABLE IF EXISTS `devices`;
/*!40101 SET @saved_cs_client     = @@character_set_client */;
/*!40101 SET character_set_client = utf8 */;
CREATE TABLE `devices` (
  `id` int(11) NOT NULL AUTO_INCREMENT,
  `name` varchar(255) COLLATE utf8_unicode_ci DEFAULT NULL,
  `created_at` datetime NOT NULL,
  `updated_at` datetime NOT NULL,
  PRIMARY KEY (`id`)
) ENGINE=InnoDB AUTO_INCREMENT=13 DEFAULT CHARSET=utf8 COLLATE=utf8_unicode_ci;
/*!40101 SET character_set_client = @saved_cs_client */;

--
-- Dumping data for table `devices`
--

LOCK TABLES `devices` WRITE;
/*!40000 ALTER TABLE `devices` DISABLE KEYS */;
INSERT INTO `devices` VALUES (9,'PEYER 100 / AL 100','2016-04-12 12:40:12','2016-04-12 12:40:12'),(10,'AL 2000','2016-04-12 12:40:23','2016-04-12 12:40:23'),(11,'TEX- CONTROL','2016-04-12 12:41:15','2016-04-12 12:41:15'),(12,'Nil','2016-04-12 12:41:18','2016-04-12 12:41:18');
/*!40000 ALTER TABLE `devices` ENABLE KEYS */;
UNLOCK TABLES;

--
-- Table structure for table `devices_proceedings`
--

DROP TABLE IF EXISTS `devices_proceedings`;
/*!40101 SET @saved_cs_client     = @@character_set_client */;
/*!40101 SET character_set_client = utf8 */;
CREATE TABLE `devices_proceedings` (
  `device_id` int(11) DEFAULT NULL,
  `proceeding_id` int(11) DEFAULT NULL,
  KEY `index_devices_proceedings_on_device_id` (`device_id`),
  KEY `index_devices_proceedings_on_proceeding_id` (`proceeding_id`)
) ENGINE=InnoDB DEFAULT CHARSET=utf8 COLLATE=utf8_unicode_ci;
/*!40101 SET character_set_client = @saved_cs_client */;

--
-- Dumping data for table `devices_proceedings`
--

LOCK TABLES `devices_proceedings` WRITE;
/*!40000 ALTER TABLE `devices_proceedings` DISABLE KEYS */;
INSERT INTO `devices_proceedings` VALUES (1,1),(2,1),(3,1),(4,1),(5,1),(6,1),(7,1),(8,1),(9,1),(10,1),(11,1),(12,1);
/*!40000 ALTER TABLE `devices_proceedings` ENABLE KEYS */;
UNLOCK TABLES;

--
-- Table structure for table `participant_proceeding_results`
--

DROP TABLE IF EXISTS `participant_proceeding_results`;
/*!40101 SET @saved_cs_client     = @@character_set_client */;
/*!40101 SET character_set_client = utf8 */;
CREATE TABLE `participant_proceeding_results` (
  `id` int(11) NOT NULL AUTO_INCREMENT,
  `participant_proceeding_id` int(11) DEFAULT NULL,
  `results` text COLLATE utf8_unicode_ci,
  `checked` tinyint(1) DEFAULT NULL,
  `created_at` datetime NOT NULL,
  `updated_at` datetime NOT NULL,
  `sample_name` varchar(255) COLLATE utf8_unicode_ci DEFAULT NULL,
  `outlier` tinyint(1) DEFAULT NULL,
  `deviation` tinyint(1) DEFAULT NULL,
  `outliers` text COLLATE utf8_unicode_ci,
  `diviations` text COLLATE utf8_unicode_ci,
  PRIMARY KEY (`id`),
  KEY `part_pro_res__part_pro_id` (`participant_proceeding_id`)
) ENGINE=InnoDB AUTO_INCREMENT=677 DEFAULT CHARSET=utf8 COLLATE=utf8_unicode_ci;
/*!40101 SET character_set_client = @saved_cs_client */;

--
-- Dumping data for table `participant_proceeding_results`
--

LOCK TABLES `participant_proceeding_results` WRITE;
/*!40000 ALTER TABLE `participant_proceeding_results` DISABLE KEYS */;
INSERT INTO `participant_proceeding_results` VALUES (64,NULL,'---\nhauteur: 85.3\nbarbe: 110.3\ncv: 54.3\nshort20: 3.4\nshort30: 10.8\nshort40: 20.6\n',NULL,'2016-04-12 07:28:10','2016-04-20 08:39:10','355',NULL,NULL,NULL,NULL),(66,NULL,'---\nhauteur: 91.8\nbarbe: 117.0\ncv: 52.4\nshort20: 1.8\nshort30: 7.5\nshort40: 16.0\n',NULL,'2016-04-12 07:28:11','2016-04-20 08:39:10','356',NULL,NULL,NULL,NULL),(67,NULL,'---\nhauteur: 66.4\nbarbe: 80.8\ncv: 46.6\nshort20: 2.5\nshort30: 12.7\nshort40: 26.6\n',NULL,'2016-04-12 07:28:11','2016-04-20 08:39:10','357',NULL,NULL,NULL,NULL),(68,NULL,'---\nhauteur: 72.3\nbarbe: 84.5\ncv: 41.2\nshort20: 1.5\nshort30: 8.0\nshort40: 18.0\n',NULL,'2016-04-12 07:28:11','2016-04-20 08:39:10','358',NULL,NULL,NULL,NULL),(445,111,'---\nhauteur: 83.8\nbarbe: 108.1\ncv: 54.0\nshort20: 2.9\nshort30: 11.3\nshort40: 20.7\n',NULL,'2016-04-12 12:40:12','2016-04-12 12:40:12','355',NULL,NULL,NULL,NULL),(446,111,'---\nhauteur: 92.4\nbarbe: 117.3\ncv: 52.0\nshort20: 0.4\nshort30: 7.3\nshort40: 14.7\n',NULL,'2016-04-12 12:40:12','2016-04-12 12:40:12','356',NULL,NULL,NULL,NULL),(447,111,'---\nhauteur: 64.8\nbarbe: 79.4\ncv: 47.5\nshort20: 2.7\nshort30: 13.6\nshort40: 28.2\n',NULL,'2016-04-12 12:40:12','2016-04-12 12:40:12','357',NULL,NULL,NULL,NULL),(448,111,'---\nhauteur: 71.3\nbarbe: 83.6\ncv: 41.8\nshort20: 1.2\nshort30: 9.0\nshort40: 19.0\n',NULL,'2016-04-12 12:40:12','2016-04-12 12:40:12','358',NULL,NULL,NULL,NULL),(449,112,'---\nhauteur: 83.1\nbarbe: 108.8\ncv: 55.8\nshort20: 4.0\nshort30: 12.9\nshort40: 22.5\n',NULL,'2016-04-12 12:40:13','2016-04-12 12:40:13','355',NULL,NULL,NULL,NULL),(450,112,'---\nhauteur: 91.2\nbarbe: 115.2\ncv: 51.4\nshort20: 1.8\nshort30: 6.3\nshort40: 15.4\n',NULL,'2016-04-12 12:40:13','2016-04-12 12:40:13','356',NULL,NULL,NULL,NULL),(451,112,'---\nhauteur: 65.0\nbarbe: 79.5\ncv: 47.4\nshort20: 2.6\nshort30: 13.6\nshort40: 28.1\n',NULL,'2016-04-12 12:40:13','2016-04-12 12:40:13','357',NULL,NULL,NULL,NULL),(452,112,'---\nhauteur: 70.4\nbarbe: 83.0\ncv: 42.4\nshort20: 1.5\nshort30: 9.3\nshort40: 20.0\n',NULL,'2016-04-12 12:40:13','2016-04-12 12:40:13','358',NULL,NULL,NULL,NULL),(453,113,'---\nhauteur: 78.3\nbarbe: 105.1\ncv: 58.6\nshort20: 6.5\nshort30: 16.4\nshort40: 26.1\n',NULL,'2016-04-12 12:40:13','2016-04-12 13:11:15','355',1,1,'---\n- :hauteur\n- :cv\n- :short20\n- :short30\n- :short40\n','---\n- :hauteur\n- :barbe\n'),(454,113,'---\nhauteur: 90.5\nbarbe: 114.2\ncv: 51.5\nshort20: 1.5\nshort30: 7.9\nshort40: 16.0\n',NULL,'2016-04-12 12:40:13','2016-04-12 12:40:13','356',NULL,NULL,NULL,NULL),(455,113,'---\nhauteur: 64.0\nbarbe: 78.3\ncv: 47.3\nshort20: 3.0\nshort30: 14.0\nshort40: 28.8\n',NULL,'2016-04-12 12:40:13','2016-04-12 13:11:15','357',NULL,1,NULL,'---\n- :hauteur\n'),(456,113,'---\nhauteur: 70.2\nbarbe: 82.7\ncv: 42.2\nshort20: 2.0\nshort30: 9.7\nshort40: 19.9\n',NULL,'2016-04-12 12:40:14','2016-04-12 12:40:14','358',NULL,NULL,NULL,NULL),(457,114,'---\nhauteur: 84.1\nbarbe: 109.4\ncv: 55.0\nshort20: 4.2\nshort30: 12.0\nshort40: 21.5\n',NULL,'2016-04-12 12:40:14','2016-04-12 12:40:14','355',NULL,NULL,NULL,NULL),(458,114,'---\nhauteur: 93.0\nbarbe: 117.2\ncv: 51.2\nshort20: 1.1\nshort30: 6.8\nshort40: 14.8\n',NULL,'2016-04-12 12:40:14','2016-04-12 12:40:14','356',NULL,NULL,NULL,NULL),(459,114,'---\nhauteur: 66.8\nbarbe: 80.9\ncv: 46.0\nshort20: 2.3\nshort30: 12.1\nshort40: 25.7\n',NULL,'2016-04-12 12:40:14','2016-04-12 12:40:14','357',NULL,NULL,NULL,NULL),(460,114,'---\nhauteur: 72.6\nbarbe: 84.9\ncv: 41.2\nshort20: 1.2\nshort30: 8.1\nshort40: 17.8\n',NULL,'2016-04-12 12:40:14','2016-04-12 12:40:14','358',NULL,NULL,NULL,NULL),(461,115,'---\nhauteur: 83.5\nbarbe: 108.9\ncv: 54.9\nshort20: 4.1\nshort30: 12.1\nshort40: 21.9\n',NULL,'2016-04-12 12:40:15','2016-04-12 12:40:15','355',NULL,NULL,NULL,NULL),(462,115,'---\nhauteur: 92.8\nbarbe: 117.0\ncv: 50.6\nshort20: 0.9\nshort30: 6.8\nshort40: 14.7\n',NULL,'2016-04-12 12:40:15','2016-04-12 12:40:15','356',NULL,NULL,NULL,NULL),(463,115,'---\nhauteur: 65.9\nbarbe: 80.3\ncv: 46.9\nshort20: 2.5\nshort30: 13.1\nshort40: 27.3\n',NULL,'2016-04-12 12:40:15','2016-04-12 12:40:15','357',NULL,NULL,NULL,NULL),(464,115,'---\nhauteur: 71.6\nbarbe: 84.2\ncv: 42.0\nshort20: 1.0\nshort30: 8.5\nshort40: 19.1\n',NULL,'2016-04-12 12:40:15','2016-04-12 12:40:15','358',NULL,NULL,NULL,NULL),(465,116,'---\nhauteur: 83.1\nbarbe: 107.8\ncv: 54.8\nshort20: 3.1\nshort30: 11.5\nshort40: 21.4\n',NULL,'2016-04-12 12:40:16','2016-04-12 12:40:16','355',NULL,NULL,NULL,NULL),(466,116,'---\nhauteur: 91.9\nbarbe: 117.1\ncv: 52.4\nshort20: 0.9\nshort30: 7.2\nshort40: 15.9\n',NULL,'2016-04-12 12:40:16','2016-04-12 12:40:16','356',NULL,NULL,NULL,NULL),(467,116,'---\nhauteur: 65.2\nbarbe: 79.9\ncv: 47.5\nshort20: 2.5\nshort30: 13.6\nshort40: 28.2\n',NULL,'2016-04-12 12:40:16','2016-04-12 12:40:16','357',NULL,NULL,NULL,NULL),(468,116,'---\nhauteur: 71.1\nbarbe: 83.5\ncv: 41.8\nshort20: 0.9\nshort30: 8.5\nshort40: 19.1\n',NULL,'2016-04-12 12:40:16','2016-04-12 12:40:16','358',NULL,NULL,NULL,NULL),(469,117,'---\nhauteur: 85.9\nbarbe: 110.4\ncv: 53.4\nshort20: 1.6\nshort30: 9.1\nshort40: 19.0\n',NULL,'2016-04-12 12:40:17','2016-04-12 12:40:17','355',NULL,NULL,NULL,NULL),(470,117,'---\nhauteur: 93.3\nbarbe: 118.7\ncv: 52.3\nshort20: 0.7\nshort30: 6.8\nshort40: 15.2\n',NULL,'2016-04-12 12:40:17','2016-04-12 12:40:17','356',NULL,NULL,NULL,NULL),(471,117,'---\nhauteur: 65.8\nbarbe: 80.2\ncv: 46.7\nshort20: 2.0\nshort30: 12.6\nshort40: 27.2\n',NULL,'2016-04-12 12:40:17','2016-04-12 12:40:17','357',NULL,NULL,NULL,NULL),(472,117,'---\nhauteur: 72.3\nbarbe: 84.6\ncv: 41.2\nshort20: 0.7\nshort30: 8.0\nshort40: 18.3\n',NULL,'2016-04-12 12:40:17','2016-04-12 12:40:17','358',NULL,NULL,NULL,NULL),(473,118,'---\nhauteur: 83.8\nbarbe: 108.5\ncv: 54.4\nshort20: 4.0\nshort30: 12.2\nshort40: 21.6\n',NULL,'2016-04-12 12:40:17','2016-04-12 12:40:17','355',NULL,NULL,NULL,NULL),(474,118,'---\nhauteur: 93.2\nbarbe: 117.4\ncv: 51.0\nshort20: 1.3\nshort30: 7.0\nshort40: 15.0\n',NULL,'2016-04-12 12:40:17','2016-04-12 12:40:17','356',NULL,NULL,NULL,NULL),(475,118,'---\nhauteur: 65.7\nbarbe: 80.0\ncv: 46.8\nshort20: 2.7\nshort30: 13.2\nshort40: 27.1\n',NULL,'2016-04-12 12:40:17','2016-04-12 12:40:17','357',NULL,NULL,NULL,NULL),(476,118,'---\nhauteur: 72.5\nbarbe: 84.5\ncv: 40.8\nshort20: 1.4\nshort30: 8.5\nshort40: 18.1\n',NULL,'2016-04-12 12:40:18','2016-04-12 12:40:18','358',NULL,NULL,NULL,NULL),(477,119,'---\nhauteur: 85.9\nbarbe: 110.6\ncv: 53.5\nshort20: 3.1\nshort30: 10.8\nshort40: 19.9\n',NULL,'2016-04-12 12:40:18','2016-04-12 12:40:18','355',NULL,NULL,NULL,NULL),(478,119,'---\nhauteur: 92.9\nbarbe: 117.3\ncv: 51.2\nshort20: 1.1\nshort30: 6.7\nshort40: 14.7\n',NULL,'2016-04-12 12:40:18','2016-04-12 12:40:18','356',NULL,NULL,NULL,NULL),(479,119,'---\nhauteur: 66.1\nbarbe: 80.3\ncv: 46.3\nshort20: 2.0\nshort30: 12.5\nshort40: 26.8\n',NULL,'2016-04-12 12:40:18','2016-04-12 12:40:18','357',NULL,NULL,NULL,NULL),(480,119,'---\nhauteur: 72.2\nbarbe: 84.3\ncv: 40.9\nshort20: 0.9\nshort30: 7.9\nshort40: 17.9\n',NULL,'2016-04-12 12:40:19','2016-04-12 12:40:19','358',NULL,NULL,NULL,NULL),(481,120,'---\nhauteur: 83.5\nbarbe: 108.4\ncv: 54.7\nshort20: 3.5\nshort30: 12.0\nshort40: 21.6\n',NULL,'2016-04-12 12:40:20','2016-04-12 12:40:20','355',NULL,NULL,NULL,NULL),(482,120,'---\nhauteur: 92.8\nbarbe: 116.7\ncv: 50.9\nshort20: 0.9\nshort30: 6.7\nshort40: 14.7\n',NULL,'2016-04-12 12:40:20','2016-04-12 12:40:20','356',NULL,NULL,NULL,NULL),(483,120,'---\nhauteur: 65.5\nbarbe: 79.8\ncv: 47.0\nshort20: 2.2\nshort30: 13.0\nshort40: 27.4\n',NULL,'2016-04-12 12:40:20','2016-04-12 12:40:20','357',NULL,NULL,NULL,NULL),(484,120,'---\nhauteur: 72.1\nbarbe: 84.3\ncv: 41.1\nshort20: 0.9\nshort30: 8.0\nshort40: 18.0\n',NULL,'2016-04-12 12:40:20','2016-04-12 12:40:20','358',NULL,NULL,NULL,NULL),(485,121,'---\nhauteur: 85.1\nbarbe: 110.7\ncv: 54.9\nshort20: 3.7\nshort30: 11.8\nshort40: 21.3\n',NULL,'2016-04-12 12:40:20','2016-04-12 12:40:20','355',NULL,NULL,NULL,NULL),(486,121,'---\nhauteur: 93.3\nbarbe: 118.0\ncv: 51.5\nshort20: 0.8\nshort30: 6.9\nshort40: 15.1\n',NULL,'2016-04-12 12:40:20','2016-04-12 12:40:20','356',NULL,NULL,NULL,NULL),(487,121,'---\nhauteur: 66.7\nbarbe: 81.0\ncv: 46.3\nshort20: 2.2\nshort30: 12.4\nshort40: 26.2\n',NULL,'2016-04-12 12:40:20','2016-04-12 12:40:20','357',NULL,NULL,NULL,NULL),(488,121,'---\nhauteur: 72.9\nbarbe: 85.0\ncv: 40.8\nshort20: 0.9\nshort30: 7.8\nshort40: 17.6\n',NULL,'2016-04-12 12:40:20','2016-04-12 12:40:20','358',NULL,NULL,NULL,NULL),(489,122,'---\nhauteur: 82.6\nbarbe: 109.2\ncv: 56.8\nshort20: 4.7\nshort30: 13.0\nshort40: 23.0\n',NULL,'2016-04-12 12:40:21','2016-04-12 12:40:21','355',NULL,NULL,NULL,NULL),(490,122,'---\nhauteur: 92.1\nbarbe: 117.2\ncv: 52.3\nshort20: 1.1\nshort30: 7.3\nshort40: 15.3\n',NULL,'2016-04-12 12:40:21','2016-04-12 12:40:21','356',NULL,NULL,NULL,NULL),(491,122,'---\nhauteur: 65.9\nbarbe: 80.5\ncv: 47.2\nshort20: 2.3\nshort30: 13.0\nshort40: 27.4\n',NULL,'2016-04-12 12:40:21','2016-04-12 12:40:21','357',NULL,NULL,NULL,NULL),(492,122,'---\nhauteur: 70.6\nbarbe: 83.4\ncv: 42.7\nshort20: 1.4\nshort30: 9.5\nshort40: 20.2\n',NULL,'2016-04-12 12:40:21','2016-04-12 12:40:21','358',NULL,NULL,NULL,NULL),(493,123,'---\nhauteur: 84.8\nbarbe: 108.4\ncv: 52.9\nshort20: 1.8\nshort30: 10.1\nshort40: 19.7\n',NULL,'2016-04-12 12:40:22','2016-04-12 12:40:22','355',NULL,NULL,NULL,NULL),(494,123,'---\nhauteur: 93.5\nbarbe: 116.9\ncv: 50.1\nshort20: 0.5\nshort30: 6.0\nshort40: 14.1\n',NULL,'2016-04-12 12:40:22','2016-04-12 12:40:22','356',NULL,NULL,NULL,NULL),(495,123,'---\nhauteur: 65.5\nbarbe: 79.1\ncv: 45.8\nshort20: 1.7\nshort30: 12.5\nshort40: 26.9\n',NULL,'2016-04-12 12:40:22','2016-04-12 12:40:22','357',NULL,NULL,NULL,NULL),(496,123,'---\nhauteur: 71.6\nbarbe: 83.3\ncv: 40.5\nshort20: 0.7\nshort30: 7.8\nshort40: 17.9\n',NULL,'2016-04-12 12:40:22','2016-04-12 12:40:22','358',NULL,NULL,NULL,NULL),(497,124,'---\nhauteur: 86.7\nbarbe: 110.7\ncv: 52.9\nshort20: 3.3\nshort30: 11.0\nshort40: 20.0\n',NULL,'2016-04-12 12:40:23','2016-04-12 13:11:14','355',NULL,1,NULL,'---\n- :hauteur\n'),(498,124,'---\nhauteur: 92.6\nbarbe: 115.5\ncv: 49.8\nshort20: 0.8\nshort30: 6.5\nshort40: 14.8\n',NULL,'2016-04-12 12:40:23','2016-04-12 12:40:23','356',NULL,NULL,NULL,NULL),(499,124,'---\nhauteur: 67.0\nbarbe: 81.2\ncv: 46.1\nshort20: 1.6\nshort30: 11.7\nshort40: 25.6\n',NULL,'2016-04-12 12:40:23','2016-04-12 12:40:23','357',NULL,NULL,NULL,NULL),(500,124,'---\nhauteur: 72.5\nbarbe: 84.6\ncv: 40.9\nshort20: 0.6\nshort30: 7.5\nshort40: 17.5\n',NULL,'2016-04-12 12:40:23','2016-04-12 12:40:23','358',NULL,NULL,NULL,NULL),(501,125,'---\nhauteur: 82.7\nbarbe: 109.6\ncv: 57.0\nshort20: 5.1\nshort30: 13.2\nshort40: 22.7\n',NULL,'2016-04-12 12:40:24','2016-04-12 12:40:24','355',NULL,NULL,NULL,NULL),(502,125,'---\nhauteur: 92.3\nbarbe: 117.3\ncv: 52.2\nshort20: 0.6\nshort30: 6.5\nshort40: 15.3\n',NULL,'2016-04-12 12:40:24','2016-04-12 12:40:24','356',NULL,NULL,NULL,NULL),(503,125,'---\nhauteur: 65.3\nbarbe: 79.7\ncv: 46.9\nshort20: 2.2\nshort30: 12.5\nshort40: 27.3\n',NULL,'2016-04-12 12:40:24','2016-04-12 12:40:24','357',NULL,NULL,NULL,NULL),(504,125,'---\nhauteur: 71.0\nbarbe: 83.2\ncv: 41.5\nshort20: 0.9\nshort30: 8.2\nshort40: 19.0\n',NULL,'2016-04-12 12:40:24','2016-04-12 12:40:24','358',NULL,NULL,NULL,NULL),(505,126,'---\nhauteur: 83.9\nbarbe: 109.3\ncv: 55.1\nshort20: 3.8\nshort30: 11.9\nshort40: 21.5\n',NULL,'2016-04-12 12:40:25','2016-04-12 12:40:25','355',NULL,NULL,NULL,NULL),(506,126,'---\nhauteur: 90.6\nbarbe: 117.7\ncv: 54.8\nshort20: 2.6\nshort30: 9.0\nshort40: 17.6\n',NULL,'2016-04-12 12:40:25','2016-04-12 13:11:15','356',1,NULL,'---\n- :cv\n- :short20\n- :short40\n',NULL),(507,126,'---\nhauteur: 65.9\nbarbe: 80.1\ncv: 46.7\nshort20: 2.5\nshort30: 13.1\nshort40: 27.3\n',NULL,'2016-04-12 12:40:25','2016-04-12 12:40:25','357',NULL,NULL,NULL,NULL),(508,126,'---\nhauteur: 72.1\nbarbe: 84.3\ncv: 41.2\nshort20: 1.3\nshort30: 8.6\nshort40: 18.3\n',NULL,'2016-04-12 12:40:25','2016-04-12 12:40:25','358',NULL,NULL,NULL,NULL),(509,127,'---\nhauteur: 83.1\nbarbe: 108.7\ncv: 55.5\nshort20: 3.8\nshort30: 12.4\nshort40: 22.3\n',NULL,'2016-04-12 12:40:25','2016-04-12 12:40:25','355',NULL,NULL,NULL,NULL),(510,127,'---\nhauteur: 92.3\nbarbe: 117.1\ncv: 51.8\nshort20: 0.9\nshort30: 7.0\nshort40: 15.3\n',NULL,'2016-04-12 12:40:25','2016-04-12 12:40:25','356',NULL,NULL,NULL,NULL),(511,127,'---\nhauteur: 65.8\nbarbe: 80.2\ncv: 46.6\nshort20: 2.7\nshort30: 13.0\nshort40: 26.6\n',NULL,'2016-04-12 12:40:25','2016-04-12 12:40:25','357',NULL,NULL,NULL,NULL),(512,127,'---\nhauteur: 71.3\nbarbe: 83.4\ncv: 41.4\nshort20: 1.3\nshort30: 8.5\nshort40: 18.8\n',NULL,'2016-04-12 12:40:25','2016-04-12 12:40:25','358',NULL,NULL,NULL,NULL),(513,128,'---\nhauteur: 85.9\nbarbe: 110.3\ncv: 53.4\nshort20: 1.7\nshort30: 9.3\nshort40: 19.0\n',NULL,'2016-04-12 12:40:26','2016-04-12 12:40:26','355',NULL,NULL,NULL,NULL),(514,128,'---\nhauteur: 94.7\nbarbe: 120.6\ncv: 52.4\nshort20: 0.5\nshort30: 6.1\nshort40: 14.7\n',NULL,'2016-04-12 12:40:26','2016-04-12 13:11:15','356',NULL,1,NULL,'---\n- :barbe\n'),(515,128,'---\nhauteur: 67.7\nbarbe: 82.6\ncv: 47.2\nshort20: 1.7\nshort30: 11.2\nshort40: 25.2\n',NULL,'2016-04-12 12:40:26','2016-04-12 13:11:16','357',1,1,'---\n- :barbe\n','---\n- :hauteur\n- :barbe\n'),(516,128,'---\nhauteur: 73.1\nbarbe: 86.4\ncv: 42.9\nshort20: 0.7\nshort30: 7.5\nshort40: 17.8\n',NULL,'2016-04-12 12:40:26','2016-04-12 13:11:16','358',NULL,1,NULL,'---\n- :barbe\n'),(517,129,'---\nhauteur: 83.7\nbarbe: 108.4\ncv: 54.4\nshort20: 4.0\nshort30: 11.9\nshort40: 21.3\n',NULL,'2016-04-12 12:40:27','2016-04-12 12:40:27','355',NULL,NULL,NULL,NULL),(518,129,'---\nhauteur: 91.1\nbarbe: 115.4\ncv: 51.7\nshort20: 1.5\nshort30: 7.6\nshort40: 15.5\n',NULL,'2016-04-12 12:40:27','2016-04-12 12:40:27','356',NULL,NULL,NULL,NULL),(519,129,'---\nhauteur: 67.0\nbarbe: 81.1\ncv: 46.2\nshort20: 2.0\nshort30: 11.8\nshort40: 25.9\n',NULL,'2016-04-12 12:40:27','2016-04-12 12:40:27','357',NULL,NULL,NULL,NULL),(520,129,'---\nhauteur: 70.9\nbarbe: 83.3\ncv: 42.0\nshort20: 1.7\nshort30: 9.2\nshort40: 19.3\n',NULL,'2016-04-12 12:40:27','2016-04-12 12:40:27','358',NULL,NULL,NULL,NULL),(521,130,'---\nhauteur: 84.1\nbarbe: 109.3\ncv: 54.7\nshort20: 4.0\nshort30: 12.0\nshort40: 21.3\n',NULL,'2016-04-12 12:40:28','2016-04-12 12:40:28','355',NULL,NULL,NULL,NULL),(522,130,'---\nhauteur: 93.8\nbarbe: 117.9\ncv: 50.7\nshort20: 0.6\nshort30: 6.7\nshort40: 14.9\n',NULL,'2016-04-12 12:40:28','2016-04-12 12:40:28','356',NULL,NULL,NULL,NULL),(523,130,'---\nhauteur: 66.5\nbarbe: 80.7\ncv: 46.2\nshort20: 1.9\nshort30: 12.3\nshort40: 26.6\n',NULL,'2016-04-12 12:40:28','2016-04-12 12:40:28','357',NULL,NULL,NULL,NULL),(524,130,'---\nhauteur: 71.6\nbarbe: 83.7\ncv: 41.3\nshort20: 0.9\nshort30: 8.4\nshort40: 18.9\n',NULL,'2016-04-12 12:40:28','2016-04-12 12:40:28','358',NULL,NULL,NULL,NULL),(525,131,'---\nhauteur: 83.9\nbarbe: 107.0\ncv: 53.0\nshort20: 3.4\nshort30: 11.0\nshort40: 20.8\n',NULL,'2016-04-12 12:40:29','2016-04-12 12:40:29','355',NULL,NULL,NULL,NULL),(526,131,'---\nhauteur: 94.8\nbarbe: 117.4\ncv: 49.5\nshort20: 0.6\nshort30: 6.0\nshort40: 13.8\n',NULL,'2016-04-12 12:40:29','2016-04-12 12:40:29','356',NULL,NULL,NULL,NULL),(527,131,'---\nhauteur: 66.9\nbarbe: 80.4\ncv: 45.5\nshort20: 1.9\nshort30: 11.5\nshort40: 26.1\n',NULL,'2016-04-12 12:40:29','2016-04-12 12:40:29','357',NULL,NULL,NULL,NULL),(528,131,'---\nhauteur: 72.2\nbarbe: 83.8\ncv: 40.9\nshort20: 1.0\nshort30: 8.4\nshort40: 18.4\n',NULL,'2016-04-12 12:40:29','2016-04-12 12:40:29','358',NULL,NULL,NULL,NULL),(529,132,'---\nhauteur: 82.2\nbarbe: 107.7\ncv: 55.9\nshort20: 4.1\nshort30: 12.7\nshort40: 22.7\n',NULL,'2016-04-12 12:40:30','2016-04-12 12:40:30','355',NULL,NULL,NULL,NULL),(530,132,'---\nhauteur: 91.5\nbarbe: 116.0\ncv: 51.9\nshort20: 1.6\nshort30: 7.4\nshort40: 15.6\n',NULL,'2016-04-12 12:40:30','2016-04-12 12:40:30','356',NULL,NULL,NULL,NULL),(531,132,'---\nhauteur: 64.6\nbarbe: 79.0\ncv: 47.3\nshort20: 2.6\nshort30: 13.8\nshort40: 28.5\n',NULL,'2016-04-12 12:40:30','2016-04-12 12:40:30','357',NULL,NULL,NULL,NULL),(532,132,'---\nhauteur: 70.6\nbarbe: 83.0\ncv: 42.3\nshort20: 1.4\nshort30: 9.3\nshort40: 19.8\n',NULL,'2016-04-12 12:40:30','2016-04-12 12:40:30','358',NULL,NULL,NULL,NULL),(533,133,'---\nhauteur: 85.0\nbarbe: 109.3\ncv: 53.6\nshort20: 2.7\nshort30: 10.6\nshort40: 20.0\n',NULL,'2016-04-12 12:40:30','2016-04-12 12:40:30','355',NULL,NULL,NULL,NULL),(534,133,'---\nhauteur: 92.3\nbarbe: 116.2\ncv: 51.0\nshort20: 0.4\nshort30: 5.9\nshort40: 14.6\n',NULL,'2016-04-12 12:40:30','2016-04-12 12:40:30','356',NULL,NULL,NULL,NULL),(535,133,'---\nhauteur: 65.0\nbarbe: 79.2\ncv: 46.9\nshort20: 2.3\nshort30: 13.2\nshort40: 27.5\n',NULL,'2016-04-12 12:40:30','2016-04-12 12:40:30','357',NULL,NULL,NULL,NULL),(536,133,'---\nhauteur: 71.4\nbarbe: 83.8\ncv: 41.7\nshort20: 1.2\nshort30: 8.7\nshort40: 18.7\n',NULL,'2016-04-12 12:40:30','2016-04-12 12:40:30','358',NULL,NULL,NULL,NULL),(537,134,'---\nhauteur: 84.0\nbarbe: 108.5\ncv: 54.1\nshort20: 3.3\nshort30: 11.5\nshort40: 21.7\n',NULL,'2016-04-12 12:40:31','2016-04-12 12:40:31','355',NULL,NULL,NULL,NULL),(538,134,'---\nhauteur: 90.8\nbarbe: 114.0\ncv: 50.5\nshort20: 1.3\nshort30: 7.6\nshort40: 16.1\n',NULL,'2016-04-12 12:40:31','2016-04-12 12:40:31','356',NULL,NULL,NULL,NULL),(539,134,'---\nhauteur: 65.9\nbarbe: 80.0\ncv: 46.4\nshort20: 2.4\nshort30: 13.0\nshort40: 27.0\n',NULL,'2016-04-12 12:40:31','2016-04-12 12:40:31','357',NULL,NULL,NULL,NULL),(540,134,'---\nhauteur: 71.9\nbarbe: 84.3\ncv: 41.5\nshort20: 1.3\nshort30: 8.7\nshort40: 18.7\n',NULL,'2016-04-12 12:40:31','2016-04-12 12:40:31','358',NULL,NULL,NULL,NULL),(541,135,'---\nhauteur: 82.9\nbarbe: 108.2\ncv: 55.3\nshort20: 4.4\nshort30: 12.9\nshort40: 22.6\n',NULL,'2016-04-12 12:40:32','2016-04-12 12:40:32','355',NULL,NULL,NULL,NULL),(542,135,'---\nhauteur: 91.9\nbarbe: 116.8\ncv: 52.0\nshort20: 1.5\nshort30: 7.3\nshort40: 15.6\n',NULL,'2016-04-12 12:40:32','2016-04-12 12:40:32','356',NULL,NULL,NULL,NULL),(543,135,'---\nhauteur: 65.6\nbarbe: 80.0\ncv: 47.1\nshort20: 2.8\nshort30: 13.3\nshort40: 27.5\n',NULL,'2016-04-12 12:40:32','2016-04-12 12:40:32','357',NULL,NULL,NULL,NULL),(544,135,'---\nhauteur: 72.0\nbarbe: 84.2\ncv: 41.1\nshort20: 1.1\nshort30: 8.3\nshort40: 18.3\n',NULL,'2016-04-12 12:40:32','2016-04-12 12:40:32','358',NULL,NULL,NULL,NULL),(545,136,'---\nhauteur: 84.1\nbarbe: 108.9\ncv: 54.4\nshort20: 2.8\nshort30: 11.7\nshort40: 20.8\n',NULL,'2016-04-12 12:40:33','2016-04-12 12:40:33','355',NULL,NULL,NULL,NULL),(546,136,'---\nhauteur: 91.9\nbarbe: 117.0\ncv: 51.3\nshort20: 1.9\nshort30: 7.0\nshort40: 15.7\n',NULL,'2016-04-12 12:40:33','2016-04-12 12:40:33','356',NULL,NULL,NULL,NULL),(547,136,'---\nhauteur: 65.2\nbarbe: 79.5\ncv: 46.8\nshort20: 1.8\nshort30: 12.7\nshort40: 28.0\n',NULL,'2016-04-12 12:40:33','2016-04-12 12:40:33','357',NULL,NULL,NULL,NULL),(548,136,'---\nhauteur: 71.5\nbarbe: 83.4\ncv: 40.9\nshort20: 0.2\nshort30: 7.5\nshort40: 18.4\n',NULL,'2016-04-12 12:40:33','2016-04-12 12:40:33','358',NULL,NULL,NULL,NULL),(549,137,'---\nhauteur: 85.4\nbarbe: 109.6\ncv: 53.2\nshort20: 3.4\nshort30: 11.4\nshort40: 21.2\n',NULL,'2016-04-12 12:40:34','2016-04-12 12:40:34','355',NULL,NULL,NULL,NULL),(550,137,'---\nhauteur: 93.1\nbarbe: 116.7\ncv: 50.4\nshort20: 0.9\nshort30: 6.5\nshort40: 14.7\n',NULL,'2016-04-12 12:40:34','2016-04-12 12:40:34','356',NULL,NULL,NULL,NULL),(551,137,'---\nhauteur: 66.6\nbarbe: 80.7\ncv: 45.9\nshort20: 1.9\nshort30: 12.1\nshort40: 26.2\n',NULL,'2016-04-12 12:40:34','2016-04-12 12:40:34','357',NULL,NULL,NULL,NULL),(552,137,'---\nhauteur: 72.2\nbarbe: 84.2\ncv: 40.7\nshort20: 0.9\nshort30: 7.9\nshort40: 17.9\n',NULL,'2016-04-12 12:40:34','2016-04-12 12:40:34','358',NULL,NULL,NULL,NULL),(553,138,'---\nhauteur: 84.1\nbarbe: 108.7\ncv: 54.2\nshort20: 3.1\nshort30: 11.3\nshort40: 21.1\n',NULL,'2016-04-12 12:40:35','2016-04-12 12:40:35','355',NULL,NULL,NULL,NULL),(554,138,'---\nhauteur: 92.6\nbarbe: 117.1\ncv: 51.6\nshort20: 1.2\nshort30: 7.4\nshort40: 15.5\n',NULL,'2016-04-12 12:40:35','2016-04-12 12:40:35','356',NULL,NULL,NULL,NULL),(555,138,'---\nhauteur: 66.2\nbarbe: 80.3\ncv: 46.4\nshort20: 2.4\nshort30: 12.6\nshort40: 26.7\n',NULL,'2016-04-12 12:40:35','2016-04-12 12:40:35','357',NULL,NULL,NULL,NULL),(556,138,'---\nhauteur: 71.3\nbarbe: 83.5\ncv: 41.5\nshort20: 1.0\nshort30: 8.7\nshort40: 19.0\n',NULL,'2016-04-12 12:40:35','2016-04-12 12:40:35','358',NULL,NULL,NULL,NULL),(557,139,'---\nhauteur: 83.5\nbarbe: 108.0\ncv: 54.3\nshort20: 3.4\nshort30: 11.5\nshort40: 21.1\n',NULL,'2016-04-12 12:41:11','2016-04-12 12:41:11','355',NULL,NULL,NULL,NULL),(558,139,'---\nhauteur: 93.4\nbarbe: 117.0\ncv: 50.3\nshort20: 0.9\nshort30: 6.5\nshort40: 14.5\n',NULL,'2016-04-12 12:41:11','2016-04-12 12:41:11','356',NULL,NULL,NULL,NULL),(559,139,'---\nhauteur: 66.3\nbarbe: 80.3\ncv: 46.1\nshort20: 2.1\nshort30: 12.3\nshort40: 26.6\n',NULL,'2016-04-12 12:41:11','2016-04-12 12:41:11','357',NULL,NULL,NULL,NULL),(560,139,'---\nhauteur: 71.6\nbarbe: 83.6\ncv: 41.1\nshort20: 1.2\nshort30: 8.2\nshort40: 18.5\n',NULL,'2016-04-12 12:41:11','2016-04-12 12:41:11','358',NULL,NULL,NULL,NULL),(561,140,'---\nhauteur: 88.3\nbarbe: 111.2\ncv: 51.0\nshort20: 1.4\nshort30: 8.4\nshort40: 17.3\n',NULL,'2016-04-12 12:41:11','2016-04-12 13:11:14','355',1,1,'---\n- :short40\n','---\n- :hauteur\n'),(562,140,'---\nhauteur: 96.9\nbarbe: 120.3\ncv: 49.2\nshort20: 0.4\nshort30: 5.4\nshort40: 13.0\n',NULL,'2016-04-12 12:41:11','2016-04-12 13:11:15','356',1,1,'---\n- :hauteur\n','---\n- :hauteur\n- :barbe\n'),(563,140,'---\nhauteur: 66.1\nbarbe: 79.9\ncv: 45.8\nshort20: 1.7\nshort30: 11.6\nshort40: 26.3\n',NULL,'2016-04-12 12:41:11','2016-04-12 12:41:11','357',NULL,NULL,NULL,NULL),(564,140,'---\nhauteur: 73.2\nbarbe: 84.7\ncv: 39.6\nshort20: 0.4\nshort30: 6.7\nshort40: 16.4\n',NULL,'2016-04-12 12:41:11','2016-04-12 12:41:11','358',NULL,NULL,NULL,NULL),(565,141,'---\nhauteur: 85.3\nbarbe: 110.3\ncv: 54.3\nshort20: 3.4\nshort30: 10.8\nshort40: 20.6\n',NULL,'2016-04-12 12:41:12','2016-04-12 12:41:12','355',NULL,NULL,NULL,NULL),(566,141,'---\nhauteur: 91.8\nbarbe: 117.0\ncv: 52.4\nshort20: 1.8\nshort30: 7.5\nshort40: 16.0\n',NULL,'2016-04-12 12:41:12','2016-04-12 12:41:12','356',NULL,NULL,NULL,NULL),(567,141,'---\nhauteur: 66.4\nbarbe: 80.8\ncv: 46.6\nshort20: 2.5\nshort30: 12.7\nshort40: 26.6\n',NULL,'2016-04-12 12:41:12','2016-04-12 12:41:12','357',NULL,NULL,NULL,NULL),(568,141,'---\nhauteur: 72.3\nbarbe: 84.5\ncv: 41.2\nshort20: 1.5\nshort30: 8.0\nshort40: 18.0\n',NULL,'2016-04-12 12:41:12','2016-04-12 12:41:12','358',NULL,NULL,NULL,NULL),(569,142,'---\nhauteur: 83.6\nbarbe: 108.3\ncv: 54.5\nshort20: 4.2\nshort30: 11.9\nshort40: 21.3\n',NULL,'2016-04-12 12:41:12','2016-04-12 12:41:12','355',NULL,NULL,NULL,NULL),(570,142,'---\nhauteur: 93.0\nbarbe: 116.8\ncv: 50.6\nshort20: 1.2\nshort30: 6.7\nshort40: 14.6\n',NULL,'2016-04-12 12:41:13','2016-04-12 12:41:13','356',NULL,NULL,NULL,NULL),(571,142,'---\nhauteur: 65.9\nbarbe: 80.2\ncv: 46.7\nshort20: 2.5\nshort30: 12.8\nshort40: 27.0\n',NULL,'2016-04-12 12:41:13','2016-04-12 12:41:13','357',NULL,NULL,NULL,NULL),(572,142,'---\nhauteur: 72.3\nbarbe: 84.0\ncv: 40.3\nshort20: 1.0\nshort30: 7.7\nshort40: 17.2\n',NULL,'2016-04-12 12:41:13','2016-04-12 12:41:13','358',NULL,NULL,NULL,NULL),(573,143,'---\nhauteur: 83.0\nbarbe: 107.3\ncv: 54.2\nshort20: 3.2\nshort30: 11.7\nshort40: 21.6\n',NULL,'2016-04-12 12:41:13','2016-04-12 12:41:13','355',NULL,NULL,NULL,NULL),(574,143,'---\nhauteur: 91.2\nbarbe: 114.6\ncv: 50.6\nshort20: 1.1\nshort30: 7.6\nshort40: 15.4\n',NULL,'2016-04-12 12:41:13','2016-04-12 12:41:13','356',NULL,NULL,NULL,NULL),(575,143,'---\nhauteur: 64.1\nbarbe: 77.9\ncv: 46.5\nshort20: 2.2\nshort30: 13.7\nshort40: 28.4\n',NULL,'2016-04-12 12:41:13','2016-04-12 12:41:13','357',NULL,NULL,NULL,NULL),(576,143,'---\nhauteur: 70.0\nbarbe: 82.0\ncv: 41.4\nshort20: 1.1\nshort30: 9.1\nshort40: 19.5\n',NULL,'2016-04-12 12:41:13','2016-04-12 12:41:13','358',NULL,NULL,NULL,NULL),(577,144,'---\nhauteur: 84.4\nbarbe: 108.4\ncv: 53.3\nshort20: 4.3\nshort30: 12.4\nshort40: 21.5\n',NULL,'2016-04-12 12:41:14','2016-04-12 12:41:14','355',NULL,NULL,NULL,NULL),(578,144,'---\nhauteur: 92.5\nbarbe: 116.3\ncv: 50.8\nshort20: 1.3\nshort30: 7.8\nshort40: 15.4\n',NULL,'2016-04-12 12:41:14','2016-04-12 12:41:14','356',NULL,NULL,NULL,NULL),(579,144,'---\nhauteur: 65.5\nbarbe: 79.7\ncv: 46.8\nshort20: 2.8\nshort30: 13.2\nshort40: 27.3\n',NULL,'2016-04-12 12:41:14','2016-04-12 12:41:14','357',NULL,NULL,NULL,NULL),(580,144,'---\nhauteur: 72.0\nbarbe: 83.3\ncv: 41.1\nshort20: 1.3\nshort30: 8.4\nshort40: 18.1\n',NULL,'2016-04-12 12:41:14','2016-04-12 12:41:14','358',NULL,NULL,NULL,NULL),(581,145,'---\nhauteur: 82.6\nbarbe: 108.4\ncv: 56.0\nshort20: 5.1\nshort30: 13.7\nshort40: 22.9\n',NULL,'2016-04-12 12:41:14','2016-04-12 12:41:14','355',NULL,NULL,NULL,NULL),(582,145,'---\nhauteur: 90.8\nbarbe: 115.8\ncv: 52.6\nshort20: 1.5\nshort30: 8.1\nshort40: 16.5\n',NULL,'2016-04-12 12:41:14','2016-04-12 12:41:14','356',NULL,NULL,NULL,NULL),(583,145,'---\nhauteur: 64.9\nbarbe: 79.5\ncv: 47.5\nshort20: 3.0\nshort30: 13.4\nshort40: 27.9\n',NULL,'2016-04-12 12:41:14','2016-04-12 12:41:14','357',NULL,NULL,NULL,NULL),(584,145,'---\nhauteur: 72.3\nbarbe: 84.4\ncv: 41.0\nshort20: 1.1\nshort30: 8.3\nshort40: 17.7\n',NULL,'2016-04-12 12:41:14','2016-04-12 12:41:14','358',NULL,NULL,NULL,NULL),(585,146,'---\nhauteur: 81.0\nbarbe: 106.8\ncv: 56.5\nshort20: 4.2\nshort30: 13.7\nshort40: 23.3\n',NULL,'2016-04-12 12:41:15','2016-04-12 13:11:14','355',NULL,1,NULL,'---\n- :hauteur\n'),(586,146,'---\nhauteur: 93.7\nbarbe: 119.2\ncv: 52.2\nshort20: 1.8\nshort30: 6.1\nshort40: 13.6\n',NULL,'2016-04-12 12:41:15','2016-04-12 12:41:15','356',NULL,NULL,NULL,NULL),(587,146,'---\nhauteur: 67.9\nbarbe: 81.9\ncv: 45.4\nshort20: 1.1\nshort30: 8.6\nshort40: 21.5\n',NULL,'2016-04-12 12:41:15','2016-04-12 13:11:16','357',1,1,'---\n- :short30\n- :short40\n','---\n- :hauteur\n'),(588,146,'---\nhauteur: 69.8\nbarbe: 81.9\ncv: 41.9\nshort20: 1.6\nshort30: 8.0\nshort40: 16.6\n',NULL,'2016-04-12 12:41:15','2016-04-12 13:11:16','358',NULL,1,NULL,'---\n- :hauteur\n'),(589,147,'---\nhauteur: 81.2\nbarbe: 107.7\ncv: 55.6\nshort20: 5.1\nshort30: 13.4\nshort40: 23.3\n',NULL,'2016-04-12 12:41:16','2016-04-12 13:11:14','355',NULL,1,NULL,'---\n- :hauteur\n'),(590,147,'---\nhauteur: 90.7\nbarbe: 116.6\ncv: 53.5\nshort20: 3.4\nshort30: 9.4\nshort40: 18.2\n',NULL,'2016-04-12 12:41:16','2016-04-12 13:11:15','356',1,NULL,'---\n- :short20\n- :short30\n- :short40\n',NULL),(591,147,'---\nhauteur: 65.7\nbarbe: 80.1\ncv: 47.3\nshort20: 3.7\nshort30: 14.6\nshort40: 28.7\n',NULL,'2016-04-12 12:41:16','2016-04-12 13:11:15','357',1,NULL,'---\n- :short20\n',NULL),(592,147,'---\nhauteur: 70.9\nbarbe: 84.8\ncv: 43.2\nshort20: 3.2\nshort30: 10.9\nshort40: 21.2\n',NULL,'2016-04-12 12:41:16','2016-04-12 13:11:16','358',1,NULL,'---\n- :short20\n- :short30\n',NULL),(593,148,'---\nhauteur: 83.8\nbarbe: 108.6\ncv: 54.4\nshort20: 3.3\nshort30: 11.6\nshort40: 20.9\n',NULL,'2016-04-12 12:41:17','2016-04-12 12:41:17','355',NULL,NULL,NULL,NULL),(594,148,'---\nhauteur: 93.4\nbarbe: 117.2\ncv: 50.5\nshort20: 0.4\nshort30: 6.6\nshort40: 14.3\n',NULL,'2016-04-12 12:41:17','2016-04-12 12:41:17','356',NULL,NULL,NULL,NULL),(595,148,'---\nhauteur: 65.9\nbarbe: 80.3\ncv: 46.9\nshort20: 1.8\nshort30: 12.7\nshort40: 26.9\n',NULL,'2016-04-12 12:41:17','2016-04-12 12:41:17','357',NULL,NULL,NULL,NULL),(596,148,'---\nhauteur: 71.7\nbarbe: 83.9\ncv: 41.3\nshort20: 0.8\nshort30: 8.5\nshort40: 18.5\n',NULL,'2016-04-12 12:41:17','2016-04-12 12:41:17','358',NULL,NULL,NULL,NULL),(597,149,'---\nhauteur: 85.4\nbarbe: 109.1\ncv: 52.6\nshort20: 2.6\nshort30: 10.0\nshort40: 19.5\n',NULL,'2016-04-12 12:41:17','2016-04-12 12:41:17','355',NULL,NULL,NULL,NULL),(598,149,'---\nhauteur: 94.4\nbarbe: 118.2\ncv: 50.3\nshort20: 0.7\nshort30: 5.9\nshort40: 14.1\n',NULL,'2016-04-12 12:41:17','2016-04-12 12:41:17','356',NULL,NULL,NULL,NULL),(599,149,'---\nhauteur: 66.3\nbarbe: 80.2\ncv: 45.8\nshort20: 2.1\nshort30: 12.3\nshort40: 26.4\n',NULL,'2016-04-12 12:41:17','2016-04-12 12:41:17','357',NULL,NULL,NULL,NULL),(600,149,'---\nhauteur: 72.5\nbarbe: 84.6\ncv: 40.8\nshort20: 0.8\nshort30: 7.8\nshort40: 17.7\n',NULL,'2016-04-12 12:41:17','2016-04-12 12:41:17','358',NULL,NULL,NULL,NULL),(601,150,'---\nhauteur: 85.3\nbarbe: 110.4\ncv: 54.3\nshort20: 3.6\nshort30: 11.6\nshort40: 21.5\n',NULL,'2016-04-12 12:41:18','2016-04-12 12:41:18','355',NULL,NULL,NULL,NULL),(602,150,'---\nhauteur: 91.8\nbarbe: 115.9\ncv: 51.3\nshort20: 0.8\nshort30: 7.0\nshort40: 15.3\n',NULL,'2016-04-12 12:41:18','2016-04-12 12:41:18','356',NULL,NULL,NULL,NULL),(603,150,'---\nhauteur: 65.3\nbarbe: 79.7\ncv: 46.9\nshort20: 2.6\nshort30: 13.2\nshort40: 27.7\n',NULL,'2016-04-12 12:41:18','2016-04-12 12:41:18','357',NULL,NULL,NULL,NULL),(604,150,'---\nhauteur: 71.7\nbarbe: 84.0\ncv: 41.4\nshort20: 1.2\nshort30: 8.7\nshort40: 18.7\n',NULL,'2016-04-12 12:41:18','2016-04-12 12:41:18','358',NULL,NULL,NULL,NULL),(605,151,'---\nhauteur: 82.6\nbarbe: 107.1\ncv: 54.5\nshort20: 4.3\nshort30: 10.7\nshort40: 24.1\n',NULL,'2016-04-12 12:41:19','2016-04-12 12:41:19','355',NULL,NULL,NULL,NULL),(606,151,'---\nhauteur: 94.6\nbarbe: 116.5\ncv: 48.5\nshort20: 0.7\nshort30: 4.6\nshort40: 14.9\n',NULL,'2016-04-12 12:41:19','2016-04-12 12:41:19','356',NULL,NULL,NULL,NULL),(607,151,'---\nhauteur: 67.1\nbarbe: 79.8\ncv: 44.5\nshort20: 1.5\nshort30: 8.9\nshort40: 26.9\n',NULL,'2016-04-12 12:41:19','2016-04-12 13:11:15','357',1,NULL,'---\n- :cv\n- :short30\n',NULL),(608,151,'---\nhauteur: 72.3\nbarbe: 82.9\ncv: 39.7\nshort20: 0.9\nshort30: 6.1\nshort40: 19.0\n',NULL,'2016-04-12 12:41:19','2016-04-12 13:11:16','358',1,NULL,'---\n- :short30\n',NULL),(609,152,'---\nhauteur: 83.7\nbarbe: 108.2\ncv: 54.5\nshort20: 3.2\nshort30: 11.4\nshort40: 21.4\n',NULL,'2016-04-12 12:41:19','2016-04-12 12:41:19','355',NULL,NULL,NULL,NULL),(610,152,'---\nhauteur: 92.1\nbarbe: 116.5\ncv: 51.6\nshort20: 0.9\nshort30: 6.7\nshort40: 15.1\n',NULL,'2016-04-12 12:41:19','2016-04-12 12:41:19','356',NULL,NULL,NULL,NULL),(611,152,'---\nhauteur: 65.7\nbarbe: 79.7\ncv: 46.3\nshort20: 2.2\nshort30: 12.4\nshort40: 26.9\n',NULL,'2016-04-12 12:41:19','2016-04-12 12:41:19','357',NULL,NULL,NULL,NULL),(612,152,'---\nhauteur: 72.0\nbarbe: 83.9\ncv: 40.8\nshort20: 0.8\nshort30: 7.8\nshort40: 18.1\n',NULL,'2016-04-12 12:41:20','2016-04-12 12:41:20','358',NULL,NULL,NULL,NULL),(613,153,'---\nhauteur: 86.1\nbarbe: 111.2\ncv: 54.1\nshort20: 3.5\nshort30: 11.5\nshort40: 20.6\n',NULL,'2016-04-12 12:41:20','2016-04-12 12:41:20','355',NULL,NULL,NULL,NULL),(614,153,'---\nhauteur: 92.4\nbarbe: 116.8\ncv: 51.4\nshort20: 1.2\nshort30: 7.0\nshort40: 15.0\n',NULL,'2016-04-12 12:41:20','2016-04-12 12:41:20','356',NULL,NULL,NULL,NULL),(615,153,'---\nhauteur: 66.9\nbarbe: 81.3\ncv: 46.3\nshort20: 2.3\nshort30: 12.4\nshort40: 26.4\n',NULL,'2016-04-12 12:41:20','2016-04-12 12:41:20','357',NULL,NULL,NULL,NULL),(616,153,'---\nhauteur: 74.6\nbarbe: 86.3\ncv: 39.6\nshort20: 0.7\nshort30: 6.8\nshort40: 16.2\n',NULL,'2016-04-12 12:41:20','2016-04-12 13:11:16','358',1,1,'---\n- :hauteur\n','---\n- :hauteur\n- :barbe\n'),(617,154,'---\nhauteur: 85.6\nbarbe: 110.4\ncv: 53.6\nshort20: 2.8\nshort30: 10.7\nshort40: 20.3\n',NULL,'2016-04-12 12:41:21','2016-04-12 12:41:21','355',NULL,NULL,NULL,NULL),(618,154,'---\nhauteur: 93.2\nbarbe: 117.1\ncv: 51.2\nshort20: 0.4\nshort30: 5.4\nshort40: 13.0\n',NULL,'2016-04-12 12:41:21','2016-04-12 12:41:21','356',NULL,NULL,NULL,NULL),(619,154,'---\nhauteur: 65.8\nbarbe: 80.3\ncv: 47.0\nshort20: 2.2\nshort30: 13.0\nshort40: 27.4\n',NULL,'2016-04-12 12:41:21','2016-04-12 12:41:21','357',NULL,NULL,NULL,NULL),(620,154,'---\nhauteur: 71.4\nbarbe: 83.6\ncv: 41.5\nshort20: 1.2\nshort30: 8.8\nshort40: 19.3\n',NULL,'2016-04-12 12:41:21','2016-04-12 12:41:21','358',NULL,NULL,NULL,NULL),(621,155,'---\nhauteur: 82.2\nbarbe: 105.3\ncv: 53.0\nshort20: 3.0\nshort30: 10.8\nshort40: 20.6\n',NULL,'2016-04-12 12:41:22','2016-04-12 13:11:15','355',NULL,1,NULL,'---\n- :barbe\n'),(622,155,'---\nhauteur: 93.1\nbarbe: 117.0\ncv: 50.7\nshort20: 1.0\nshort30: 6.5\nshort40: 14.4\n',NULL,'2016-04-12 12:41:22','2016-04-12 12:41:22','356',NULL,NULL,NULL,NULL),(623,155,'---\nhauteur: 65.1\nbarbe: 78.8\ncv: 45.9\nshort20: 2.2\nshort30: 12.8\nshort40: 27.4\n',NULL,'2016-04-12 12:41:22','2016-04-12 12:41:22','357',NULL,NULL,NULL,NULL),(624,155,'---\nhauteur: 70.5\nbarbe: 81.9\ncv: 40.2\nshort20: 1.0\nshort30: 7.5\nshort40: 18.5\n',NULL,'2016-04-12 12:41:22','2016-04-12 12:41:22','358',NULL,NULL,NULL,NULL),(625,156,'---\nhauteur: 83.4\nbarbe: 108.3\ncv: 54.7\nshort20: 4.3\nshort30: 12.5\nshort40: 21.8\n',NULL,'2016-04-12 12:41:23','2016-04-12 12:41:23','355',NULL,NULL,NULL,NULL),(626,156,'---\nhauteur: 93.0\nbarbe: 116.8\ncv: 50.8\nshort20: 0.9\nshort30: 6.8\nshort40: 15.2\n',NULL,'2016-04-12 12:41:23','2016-04-12 12:41:23','356',NULL,NULL,NULL,NULL),(627,156,'---\nhauteur: 65.5\nbarbe: 79.8\ncv: 46.8\nshort20: 2.3\nshort30: 13.4\nshort40: 27.8\n',NULL,'2016-04-12 12:41:23','2016-04-12 12:41:23','357',NULL,NULL,NULL,NULL),(628,156,'---\nhauteur: 71.1\nbarbe: 83.4\ncv: 41.7\nshort20: 1.1\nshort30: 8.6\nshort40: 19.2\n',NULL,'2016-04-12 12:41:23','2016-04-12 12:41:23','358',NULL,NULL,NULL,NULL),(629,157,'---\nhauteur: 82.2\nbarbe: 106.0\ncv: 53.5\nshort20: 3.2\nshort30: 11.3\nshort40: 21.2\n',NULL,'2016-04-12 12:41:24','2016-04-12 12:41:24','355',NULL,NULL,NULL,NULL),(630,157,'---\nhauteur: 93.0\nbarbe: 117.2\ncv: 51.0\nshort20: 0.7\nshort30: 6.3\nshort40: 14.5\n',NULL,'2016-04-12 12:41:24','2016-04-12 12:41:24','356',NULL,NULL,NULL,NULL),(631,157,'---\nhauteur: 65.5\nbarbe: 79.6\ncv: 46.3\nshort20: 2.0\nshort30: 12.7\nshort40: 27.3\n',NULL,'2016-04-12 12:41:24','2016-04-12 12:41:24','357',NULL,NULL,NULL,NULL),(632,157,'---\nhauteur: 71.2\nbarbe: 83.4\ncv: 41.5\nshort20: 0.9\nshort30: 8.5\nshort40: 19.0\n',NULL,'2016-04-12 12:41:24','2016-04-12 12:41:24','358',NULL,NULL,NULL,NULL),(633,158,'---\nhauteur: 81.3\nbarbe: 107.0\ncv: 55.6\nshort20: 4.7\nshort30: 12.8\nshort40: 13.5\n',NULL,'2016-04-12 12:41:24','2016-04-12 13:11:14','355',1,1,'---\n- :short40\n','---\n- :hauteur\n'),(634,158,'---\nhauteur: 91.6\nbarbe: 115.8\ncv: 50.4\nshort20: 1.1\nshort30: 6.5\nshort40: 14.3\n',NULL,'2016-04-12 12:41:24','2016-04-12 12:41:24','356',NULL,NULL,NULL,NULL),(635,158,'---\nhauteur: 66.2\nbarbe: 79.9\ncv: 44.9\nshort20: 1.7\nshort30: 11.4\nshort40: 24.9\n',NULL,'2016-04-12 12:41:24','2016-04-12 12:41:24','357',NULL,NULL,NULL,NULL),(636,158,'---\nhauteur: 71.4\nbarbe: 83.7\ncv: 40.6\nshort20: 1.1\nshort30: 7.9\nshort40: 17.3\n',NULL,'2016-04-12 12:41:24','2016-04-12 12:41:24','358',NULL,NULL,NULL,NULL),(637,159,'---\nhauteur: 84.2\nbarbe: 108.4\ncv: 53.7\nshort20: 3.0\nshort30: 10.9\nshort40: 20.9\n',NULL,'2016-04-12 12:41:25','2016-04-12 12:41:25','355',NULL,NULL,NULL,NULL),(638,159,'---\nhauteur: 92.2\nbarbe: 116.9\ncv: 52.0\nshort20: 1.2\nshort30: 7.2\nshort40: 15.4\n',NULL,'2016-04-12 12:41:25','2016-04-12 12:41:25','356',NULL,NULL,NULL,NULL),(639,159,'---\nhauteur: 65.7\nbarbe: 79.9\ncv: 46.7\nshort20: 2.4\nshort30: 13.0\nshort40: 27.3\n',NULL,'2016-04-12 12:41:25','2016-04-12 12:41:25','357',NULL,NULL,NULL,NULL),(640,159,'---\nhauteur: 72.1\nbarbe: 84.2\ncv: 41.1\nshort20: 1.1\nshort30: 8.3\nshort40: 18.3\n',NULL,'2016-04-12 12:41:25','2016-04-12 12:41:25','358',NULL,NULL,NULL,NULL),(641,160,'---\nhauteur: 86.2\nbarbe: 111.7\ncv: 54.5\nshort20: 2.4\nshort30: 10.5\nshort40: 20.3\n',NULL,'2016-04-12 12:41:26','2016-04-12 13:11:15','355',NULL,1,NULL,'---\n- :barbe\n'),(642,160,'---\nhauteur: 96.1\nbarbe: 121.8\ncv: 51.8\nshort20: 0.4\nshort30: 6.1\nshort40: 13.8\n',NULL,'2016-04-12 12:41:26','2016-04-12 13:11:15','356',1,1,'---\n- :barbe\n','---\n- :hauteur\n- :barbe\n'),(643,160,'---\nhauteur: 66.2\nbarbe: 80.4\ncv: 46.4\nshort20: 1.7\nshort30: 12.5\nshort40: 26.6\n',NULL,'2016-04-12 12:41:26','2016-04-12 12:41:26','357',NULL,NULL,NULL,NULL),(644,160,'---\nhauteur: 71.2\nbarbe: 83.5\ncv: 41.7\nshort20: 1.0\nshort30: 8.9\nshort40: 19.0\n',NULL,'2016-04-12 12:41:26','2016-04-12 12:41:26','358',NULL,NULL,NULL,NULL),(645,161,'---\nhauteur: 85.3\nbarbe: 110.8\ncv: 54.7\nshort20: 2.6\nshort30: 11.3\nshort40: 20.8\n',NULL,'2016-04-12 12:41:27','2016-04-12 12:41:27','355',NULL,NULL,NULL,NULL),(646,161,'---\nhauteur: 92.1\nbarbe: 117.1\ncv: 52.2\nshort20: 0.7\nshort30: 6.7\nshort40: 15.0\n',NULL,'2016-04-12 12:41:27','2016-04-12 12:41:27','356',NULL,NULL,NULL,NULL),(647,161,'---\nhauteur: 65.4\nbarbe: 79.8\ncv: 47.0\nshort20: 2.1\nshort30: 13.2\nshort40: 27.6\n',NULL,'2016-04-12 12:41:27','2016-04-12 12:41:27','357',NULL,NULL,NULL,NULL),(648,161,'---\nhauteur: 71.4\nbarbe: 83.8\ncv: 41.8\nshort20: 0.9\nshort30: 8.5\nshort40: 19.0\n',NULL,'2016-04-12 12:41:27','2016-04-12 12:41:27','358',NULL,NULL,NULL,NULL),(649,162,'---\nhauteur: 80.9\nbarbe: 104.4\ncv: 53.9\nshort20: 3.3\nshort30: 11.5\nshort40: 21.8\n',NULL,'2016-04-12 12:41:28','2016-04-12 13:11:15','355',NULL,1,NULL,'---\n- :hauteur\n- :barbe\n'),(650,162,'---\nhauteur: 91.3\nbarbe: 114.8\ncv: 50.7\nshort20: 1.4\nshort30: 7.1\nshort40: 15.1\n',NULL,'2016-04-12 12:41:28','2016-04-12 12:41:28','356',NULL,NULL,NULL,NULL),(651,162,'---\nhauteur: 65.5\nbarbe: 79.4\ncv: 46.2\nshort20: 2.4\nshort30: 12.7\nshort40: 27.2\n',NULL,'2016-04-12 12:41:28','2016-04-12 12:41:28','357',NULL,NULL,NULL,NULL),(652,162,'---\nhauteur: 71.2\nbarbe: 83.0\ncv: 40.6\nshort20: 0.9\nshort30: 8.0\nshort40: 18.1\n',NULL,'2016-04-12 12:41:28','2016-04-12 12:41:28','358',NULL,NULL,NULL,NULL),(653,163,'---\nhauteur: 83.6\nbarbe: 108.0\ncv: 54.2\nshort20: 3.2\nshort30: 11.6\nshort40: 21.6\n',NULL,'2016-04-12 12:41:29','2016-04-12 12:41:29','355',NULL,NULL,NULL,NULL),(654,163,'---\nhauteur: 91.3\nbarbe: 115.2\ncv: 51.2\nshort20: 1.0\nshort30: 7.2\nshort40: 15.3\n',NULL,'2016-04-12 12:41:29','2016-04-12 12:41:29','356',NULL,NULL,NULL,NULL),(655,163,'---\nhauteur: 65.5\nbarbe: 79.6\ncv: 46.4\nshort20: 2.2\nshort30: 12.7\nshort40: 27.2\n',NULL,'2016-04-12 12:41:29','2016-04-12 12:41:29','357',NULL,NULL,NULL,NULL),(656,163,'---\nhauteur: 71.2\nbarbe: 83.3\ncv: 41.4\nshort20: 1.2\nshort30: 8.6\nshort40: 18.7\n',NULL,'2016-04-12 12:41:29','2016-04-12 12:41:29','358',NULL,NULL,NULL,NULL),(657,164,'---\nhauteur: 84.7\nbarbe: 109.0\ncv: 53.7\nshort20: 2.6\nshort30: 10.4\nshort40: 20.3\n',NULL,'2016-04-12 12:41:30','2016-04-12 12:41:30','355',NULL,NULL,NULL,NULL),(658,164,'---\nhauteur: 93.2\nbarbe: 117.8\ncv: 51.5\nshort20: 0.9\nshort30: 7.0\nshort40: 15.5\n',NULL,'2016-04-12 12:41:30','2016-04-12 12:41:30','356',NULL,NULL,NULL,NULL),(659,164,'---\nhauteur: 65.3\nbarbe: 79.5\ncv: 46.8\nshort20: 2.2\nshort30: 13.1\nshort40: 27.6\n',NULL,'2016-04-12 12:41:30','2016-04-12 12:41:30','357',NULL,NULL,NULL,NULL),(660,164,'---\nhauteur: 71.0\nbarbe: 83.5\ncv: 42.0\nshort20: 1.1\nshort30: 8.6\nshort40: 19.1\n',NULL,'2016-04-12 12:41:30','2016-04-12 12:41:30','358',NULL,NULL,NULL,NULL),(661,165,'---\nhauteur: 84.5\nbarbe: 108.6\ncv: 53.5\nshort20: 3.3\nshort30: 11.2\nshort40: 20.5\n',NULL,'2016-04-12 12:41:30','2016-04-12 12:41:30','355',NULL,NULL,NULL,NULL),(662,165,'---\nhauteur: 93.3\nbarbe: 117.9\ncv: 51.4\nshort20: 1.1\nshort30: 6.9\nshort40: 15.0\n',NULL,'2016-04-12 12:41:30','2016-04-12 12:41:30','356',NULL,NULL,NULL,NULL),(663,165,'---\nhauteur: 66.5\nbarbe: 80.5\ncv: 45.8\nshort20: 2.3\nshort30: 11.9\nshort40: 26.1\n',NULL,'2016-04-12 12:41:31','2016-04-12 12:41:31','357',NULL,NULL,NULL,NULL),(664,165,'---\nhauteur: 71.8\nbarbe: 83.8\ncv: 41.0\nshort20: 1.5\nshort30: 8.1\nshort40: 18.1\n',NULL,'2016-04-12 12:41:31','2016-04-12 12:41:31','358',NULL,NULL,NULL,NULL),(665,166,'---\nhauteur: 86.2\nbarbe: 109.9\ncv: 52.5\nshort20: 3.0\nshort30: 10.1\nshort40: 19.4\n',NULL,'2016-04-12 12:41:32','2016-04-12 12:41:32','355',NULL,NULL,NULL,NULL),(666,166,'---\nhauteur: 93.3\nbarbe: 117.0\ncv: 50.5\nshort20: 1.1\nshort30: 6.2\nshort40: 14.3\n',NULL,'2016-04-12 12:41:32','2016-04-12 12:41:32','356',NULL,NULL,NULL,NULL),(667,166,'---\nhauteur: 66.3\nbarbe: 80.2\ncv: 46.1\nshort20: 2.0\nshort30: 12.1\nshort40: 26.5\n',NULL,'2016-04-12 12:41:32','2016-04-12 12:41:32','357',NULL,NULL,NULL,NULL),(668,166,'---\nhauteur: 71.7\nbarbe: 83.5\ncv: 41.3\nshort20: 1.0\nshort30: 8.1\nshort40: 18.5\n',NULL,'2016-04-12 12:41:32','2016-04-12 12:41:32','358',NULL,NULL,NULL,NULL),(669,167,'---\nhauteur: 90.6\nbarbe: 111.6\ncv: 48.2\nshort20: 1.8\nshort30: 7.2\nshort40: 14.6\n',NULL,'2016-04-12 12:54:10','2016-04-12 13:11:15','355',1,1,'---\n- :hauteur\n- :cv\n- :short30\n- :short40\n','---\n- :hauteur\n'),(670,167,'---\nhauteur: 94.1\nbarbe: 116.5\ncv: 48.8\nshort20: 1.1\nshort30: 6.3\nshort40: 12.6\n',NULL,'2016-04-12 12:54:10','2016-04-12 12:54:10','356',NULL,NULL,NULL,NULL),(671,167,'---\nhauteur: 72.1\nbarbe: 84.8\ncv: 41.8\nshort20: 1.0\nshort30: 9.1\nshort40: 20.2\n',NULL,'2016-04-12 12:54:10','2016-04-12 13:11:16','357',1,1,'---\n- :hauteur\n- :barbe\n- :cv\n- :short30\n- :short40\n','---\n- :hauteur\n- :barbe\n'),(672,167,'---\nhauteur: 74.3\nbarbe: 85.6\ncv: 39.3\nshort20: 1.6\nshort30: 7.5\nshort40: 16.0\n',NULL,'2016-04-12 12:54:10','2016-04-12 13:11:16','358',1,1,'---\n- :hauteur\n','---\n- :hauteur\n'),(673,168,'---\nhauteur: 85.9\nbarbe: 110.5\ncv: 53.7\nshort20: 3.0\nshort30: 10.5\nshort40: 20.1\n',NULL,'2016-04-19 06:14:10','2016-04-19 06:14:10','355',NULL,NULL,NULL,NULL),(674,168,'---\nhauteur: 92.8\nbarbe: 117.2\ncv: 51.3\nshort20: 1.0\nshort30: 6.2\nshort40: 14.4\n',NULL,'2016-04-19 06:14:10','2016-04-19 06:14:10','356',NULL,NULL,NULL,NULL),(675,168,'---\nhauteur: 66.6\nbarbe: 80.7\ncv: 46.1\nshort20: 1.9\nshort30: 11.8\nshort40: 25.9\n',NULL,'2016-04-19 06:14:10','2016-04-19 06:14:10','357',NULL,NULL,NULL,NULL),(676,168,'---\nhauteur: 72.2\nbarbe: 84.4\ncv: 41.2\nshort20: 1.0\nshort30: 7.5\nshort40: 18.1\n',NULL,'2016-04-19 06:14:10','2016-04-19 06:14:10','358',NULL,NULL,NULL,NULL);
/*!40000 ALTER TABLE `participant_proceeding_results` ENABLE KEYS */;
UNLOCK TABLES;

--
-- Table structure for table `participant_proceedings`
--

DROP TABLE IF EXISTS `participant_proceedings`;
/*!40101 SET @saved_cs_client     = @@character_set_client */;
/*!40101 SET character_set_client = utf8 */;
CREATE TABLE `participant_proceedings` (
  `id` int(11) NOT NULL AUTO_INCREMENT,
  `participant_id` int(11) DEFAULT NULL,
  `proceeding_id` int(11) DEFAULT NULL,
  `device_id` int(11) DEFAULT NULL,
  `metadata` text COLLATE utf8_unicode_ci,
  `created_at` datetime NOT NULL,
  `updated_at` datetime NOT NULL,
  PRIMARY KEY (`id`),
  KEY `index_participant_proceedings_on_participant_id` (`participant_id`),
  KEY `index_participant_proceedings_on_proceeding_id` (`proceeding_id`),
  KEY `index_participant_proceedings_on_device_id` (`device_id`)
) ENGINE=InnoDB AUTO_INCREMENT=169 DEFAULT CHARSET=utf8 COLLATE=utf8_unicode_ci;
/*!40101 SET character_set_client = @saved_cs_client */;

--
-- Dumping data for table `participant_proceedings`
--

LOCK TABLES `participant_proceedings` WRITE;
/*!40000 ALTER TABLE `participant_proceedings` DISABLE KEYS */;
INSERT INTO `participant_proceedings` VALUES (111,111,1,9,'---\ntest_no: 2016-1\nlab_no: 9423\niwto_no: 17:2011\niwto_year: \ntemperature: \'21.6\'\nhumidity: \'65\'\nalmeter: PEYER 100 / AL 100\n','2016-04-12 12:40:12','2016-04-12 12:40:12'),(112,112,1,9,'---\ntest_no: 2016-1\nlab_no: 9426\niwto_no: 17\niwto_year: \ntemperature: \'20\'\nhumidity: \'65\'\nalmeter: PEYER 100 / AL 100\n','2016-04-12 12:40:13','2016-04-12 12:40:13'),(113,113,1,9,'---\ntest_no: 2016-1\nlab_no: 9427\niwto_no: iwto17-2011\niwto_year: \ntemperature: \'20\'\nhumidity: \'65\'\nalmeter: PEYER 100 / AL 100\n','2016-04-12 12:40:13','2016-04-12 12:40:13'),(114,114,1,9,'---\ntest_no: 2016-1\nlab_no: 9429\niwto_no: 17\niwto_year: 2011\ntemperature: \'21.4\'\nhumidity: \'63.6\'\nalmeter: PEYER 100 / AL 100\n','2016-04-12 12:40:14','2016-04-12 12:40:14'),(115,115,1,9,'---\ntest_no: 2016-1\nlab_no: 9430\niwto_no: 17\niwto_year: 2011\ntemperature: \'19.100000000000001\'\nhumidity: \'66.2\'\nalmeter: PEYER 100 / AL 100\n','2016-04-12 12:40:15','2016-04-12 12:40:15'),(116,116,1,9,'---\ntest_no: 2016-1\nlab_no: 9433\niwto_no: 17\niwto_year: 2011\ntemperature: 20 +/- 2\nhumidity: 65 +/- 3\nalmeter: PEYER 100 / AL 100\n','2016-04-12 12:40:16','2016-04-12 12:40:16'),(117,117,1,9,'---\ntest_no: 2016-1\nlab_no: 9434\niwto_no: 17-2011\niwto_year: \ntemperature: \'20.9\'\nhumidity: \'65.7\'\nalmeter: PEYER 100 / AL 100\n','2016-04-12 12:40:16','2016-04-12 12:40:16'),(118,118,1,9,'---\ntest_no: 2016-1\nlab_no: 9435\niwto_no: 17-11\niwto_year: 2011\ntemperature: \'20\'\nhumidity: \'65\'\nalmeter: PEYER 100 / AL 100\n','2016-04-12 12:40:17','2016-04-12 12:40:17'),(119,119,1,9,'---\ntest_no: 2016-1\nlab_no: 9441\niwto_no: 17\niwto_year: 2011\ntemperature: \'20\'\nhumidity: \'65\'\nalmeter: PEYER 100 / AL 100\n','2016-04-12 12:40:18','2016-04-12 12:40:18'),(120,120,1,9,'---\ntest_no: 2016-1\nlab_no: 9442\niwto_no: 17\niwto_year: 2011\ntemperature: \'20\'\nhumidity: \'65\'\nalmeter: PEYER 100 / AL 100\n','2016-04-12 12:40:19','2016-04-12 12:40:19'),(121,121,1,9,'---\ntest_no: 2016-1\nlab_no: 9443\niwto_no: 17\niwto_year: 2011\ntemperature: \'20\'\nhumidity: \'65\'\nalmeter: PEYER 100 / AL 100\n','2016-04-12 12:40:20','2016-04-12 12:40:20'),(122,122,1,9,'---\ntest_no: 2016-1\nlab_no: 9448\niwto_no: 17-2011\niwto_year: \ntemperature: \'20\'\nhumidity: \'65\'\nalmeter: PEYER 100 / AL 100\n','2016-04-12 12:40:21','2016-04-12 12:40:21'),(123,123,1,9,'---\ntest_no: 2016-1\nlab_no: 9450\niwto_no: \'\"17\"\'\niwto_year: \'\"2011\"\'\ntemperature: \'20\'\nhumidity: \'65\'\nalmeter: PEYER 100 / AL 100\n','2016-04-12 12:40:22','2016-04-12 12:40:22'),(124,124,1,9,'---\ntest_no: 2016-1\nlab_no: 9451\niwto_no: 17-2011\niwto_year: \ntemperature: \'20\'\nhumidity: \'65\'\nalmeter: PEYER 100 / AL 100\n','2016-04-12 12:40:23','2016-04-12 12:40:23'),(125,125,1,10,'---\ntest_no: 2016-1\nlab_no: 9452\niwto_no: 17\niwto_year: -11\ntemperature: \'20\'\nhumidity: \'65\'\nalmeter: AL 2000\n','2016-04-12 12:40:23','2016-04-12 12:40:23'),(126,126,1,9,'---\ntest_no: 2016-1\nlab_no: 9457\niwto_no: 17\niwto_year: 2011\ntemperature: \'22\'\nhumidity: \'65\'\nalmeter: PEYER 100 / AL 100\n','2016-04-12 12:40:24','2016-04-12 12:40:24'),(127,127,1,9,'---\ntest_no: 2016-1\nlab_no: 9458\niwto_no: IWTO-17\niwto_year: 2011\ntemperature: \'20.100000000000001\'\nhumidity: \'63\'\nalmeter: PEYER 100 / AL 100\n','2016-04-12 12:40:25','2016-04-12 12:40:25'),(128,128,1,9,'---\ntest_no: 2016-1\nlab_no: 9460\niwto_no: 47-13\niwto_year: \ntemperature: \'20\'\nhumidity: \'65\'\nalmeter: PEYER 100 / AL 100\n','2016-04-12 12:40:26','2016-04-12 12:40:26'),(129,129,1,9,'---\ntest_no: 2016-1\nlab_no: 9462\niwto_no: \" 17-2011\"\niwto_year: \ntemperature: \'20\'\nhumidity: \'60\'\nalmeter: PEYER 100 / AL 100\n','2016-04-12 12:40:27','2016-04-12 12:40:27'),(130,130,1,9,'---\ntest_no: 2016-1\nlab_no: 9472\niwto_no: 17\niwto_year: 2011\ntemperature: \'19\'\nhumidity: \'60\'\nalmeter: PEYER 100 / AL 100\n','2016-04-12 12:40:28','2016-04-12 12:40:28'),(131,131,1,10,'---\ntest_no: 2016-1\nlab_no: 9474\niwto_no: 17\niwto_year: 2011\ntemperature: \'20\'\nhumidity: \'65\'\nalmeter: AL 2000\n','2016-04-12 12:40:29','2016-04-12 12:40:29'),(132,132,1,9,'---\ntest_no: 2016-1\nlab_no: 9475\niwto_no: 17-2011\niwto_year: \ntemperature: \'20\'\nhumidity: \'65\'\nalmeter: PEYER 100 / AL 100\n','2016-04-12 12:40:30','2016-04-12 12:40:30'),(133,133,1,9,'---\ntest_no: 2016-1\nlab_no: 9478\niwto_no: 17\niwto_year: 2011\ntemperature: \'20\'\nhumidity: \'65\'\nalmeter: PEYER 100 / AL 100\n','2016-04-12 12:40:30','2016-04-12 12:40:30'),(134,134,1,9,'---\ntest_no: 2016-1\nlab_no: 9481\niwto_no: 17\niwto_year: 2011\ntemperature: \'22\'\nhumidity: \'65\'\nalmeter: PEYER 100 / AL 100\n','2016-04-12 12:40:31','2016-04-12 12:40:31'),(135,135,1,9,'---\ntest_no: 2016-1\nlab_no: 9488\niwto_no: 17\niwto_year: 2004\ntemperature: \'21\'\nhumidity: \'67\'\nalmeter: PEYER 100 / AL 100\n','2016-04-12 12:40:32','2016-04-12 12:40:32'),(136,136,1,9,'---\ntest_no: 2016-1\nlab_no: 9490\niwto_no: 17-2011\niwto_year: \ntemperature: \'20\'\nhumidity: \'65\'\nalmeter: PEYER 100 / AL 100\n','2016-04-12 12:40:33','2016-04-12 12:40:33'),(137,137,1,9,'---\ntest_no: 2016-1\nlab_no: 9495\niwto_no: 17\niwto_year: 2011\ntemperature: \'20\'\nhumidity: \'65\'\nalmeter: PEYER 100 / AL 100\n','2016-04-12 12:40:34','2016-04-12 12:40:34'),(138,138,1,9,'---\ntest_no: 2016-1\nlab_no: 9482\niwto_no: 17--11\niwto_year: \ntemperature: 20+/-2\nhumidity: 65+/-2\nalmeter: PEYER 100 / AL 100\n','2016-04-12 12:40:35','2016-04-12 12:40:35'),(139,139,1,9,'---\ntest_no: 2016-1\nlab_no: 9437\niwto_no: 17\niwto_year: 2011\ntemperature: \'20.6\'\nhumidity: \'65\'\nalmeter: PEYER 100 / AL 100\n','2016-04-12 12:41:11','2016-04-12 12:41:11'),(140,140,1,9,'---\ntest_no: 2016-1\nlab_no: 9447\niwto_no: \niwto_year: \ntemperature: \'22\'\nhumidity: \'65\'\nalmeter: PEYER 100 / AL 100\n','2016-04-12 12:41:11','2016-04-12 12:41:11'),(141,141,1,9,'---\ntest_no: 2016-1\nlab_no: 9467\niwto_no: \" 17-2011\"\niwto_year: \ntemperature: \'20.9\'\nhumidity: \'66.099999999999994\'\nalmeter: PEYER 100 / AL 100\n','2016-04-12 12:41:12','2016-04-12 12:41:12'),(142,142,1,9,'---\ntest_no: 2016-1\nlab_no: 9489\niwto_no: 17:2011\niwto_year: \ntemperature: \'21\'\nhumidity: \'64.8\'\nalmeter: PEYER 100 / AL 100\n','2016-04-12 12:41:12','2016-04-12 12:41:12'),(143,143,1,9,'---\ntest_no: 2016-1\nlab_no: \'9493\'\niwto_no: 17\niwto_year: 2011\ntemperature: \'22\'\nhumidity: \'66\'\nalmeter: PEYER 100 / AL 100\n','2016-04-12 12:41:13','2016-04-12 12:41:13'),(144,144,1,9,'---\ntest_no: 2016-1\nlab_no: 9463\niwto_no: \niwto_year: 17\ntemperature: \'20\'\nhumidity: \'65\'\nalmeter: PEYER 100 / AL 100\n','2016-04-12 12:41:13','2016-04-12 12:41:13'),(145,145,1,9,'---\ntest_no: 2016-1\nlab_no: 9420\niwto_no: 6\niwto_year: 2013\ntemperature: \'20\'\nhumidity: \'65\'\nalmeter: PEYER 100 / AL 100\n','2016-04-12 12:41:14','2016-04-12 12:41:14'),(146,146,1,11,'---\ntest_no: 2016-1\nlab_no: 9428\niwto_no: \niwto_year: \ntemperature: \'22\'\nhumidity: \'63\'\nalmeter: TEX- CONTROL\n','2016-04-12 12:41:15','2016-04-12 12:41:15'),(147,147,1,9,'---\ntest_no: 2016-1\nlab_no: 9431\niwto_no: 17\niwto_year: \ntemperature: \'24\'\nhumidity: \'65\'\nalmeter: PEYER 100 / AL 100\n','2016-04-12 12:41:16','2016-04-12 12:41:16'),(148,148,1,9,'---\ntest_no: 2016-1\nlab_no: 9432\niwto_no: 17\niwto_year: 2011\ntemperature: \'20.100000000000001\'\nhumidity: \'65.3\'\nalmeter: PEYER 100 / AL 100\n','2016-04-12 12:41:16','2016-04-12 12:41:16'),(149,149,1,9,'---\ntest_no: 2016-1\nlab_no: 9439\niwto_no: 17\niwto_year: \ntemperature: \'20\'\nhumidity: \'65\'\nalmeter: PEYER 100 / AL 100\n','2016-04-12 12:41:17','2016-04-12 12:41:17'),(150,150,1,9,'---\ntest_no: 2016-1\nlab_no: 9461\niwto_no: 17\niwto_year: 2011\ntemperature: \'20\'\nhumidity: \'63\'\nalmeter: PEYER 100 / AL 100\n','2016-04-12 12:41:18','2016-04-12 12:41:18'),(151,151,1,12,'---\ntest_no: 2016-1\nlab_no: 9468\niwto_no: 8\niwto_year: 2011\ntemperature: \'20\'\nhumidity: \'65\'\nalmeter: Nil\n','2016-04-12 12:41:19','2016-04-12 12:41:19'),(152,152,1,9,'---\ntest_no: 2016-1\nlab_no: 9476\niwto_no: 12\niwto_year: 2012\ntemperature: \'20\'\nhumidity: \'65\'\nalmeter: PEYER 100 / AL 100\n','2016-04-12 12:41:19','2016-04-12 12:41:19'),(153,153,1,9,'---\ntest_no: 2016-1\nlab_no: 9479\niwto_no: 17\niwto_year: 2011\ntemperature: \'20\'\nhumidity: \'65\'\nalmeter: PEYER 100 / AL 100\n','2016-04-12 12:41:20','2016-04-12 12:41:20'),(154,154,1,10,'---\ntest_no: 2016-1\nlab_no: 9402\niwto_no: 17\niwto_year: 2011\ntemperature: \'20\'\nhumidity: \'65\'\nalmeter: AL 2000\n','2016-04-12 12:41:21','2016-04-12 12:41:21'),(155,155,1,9,'---\ntest_no: 2016-1\nlab_no: 9405\niwto_no: \"(e.g. IWTO-8: 2011)\"\niwto_year: \ntemperature: \'20\'\nhumidity: \'63\'\nalmeter: PEYER 100 / AL 100\n','2016-04-12 12:41:22','2016-04-12 12:41:22'),(156,156,1,9,'---\ntest_no: 2016-1\nlab_no: 9425\niwto_no: 17\niwto_year: 2011\ntemperature: \'20\'\nhumidity: \'65\'\nalmeter: PEYER 100 / AL 100\n','2016-04-12 12:41:23','2016-04-12 12:41:23'),(157,157,1,9,'---\ntest_no: 2016-1\nlab_no: 9438\niwto_no: 17-2011\niwto_year: \ntemperature: 20+/-1\nhumidity: 65+/-2\nalmeter: PEYER 100 / AL 100\n','2016-04-12 12:41:23','2016-04-12 12:41:23'),(158,158,1,9,'---\ntest_no: 2016-1\nlab_no: 9445\niwto_no: 17\niwto_year: 2011\ntemperature: \'21\'\nhumidity: \'65\'\nalmeter: PEYER 100 / AL 100\n','2016-04-12 12:41:24','2016-04-12 12:41:24'),(159,159,1,9,'---\ntest_no: 2016-1\nlab_no: 9459\niwto_no: 17\niwto_year: \'\"2011\"\'\ntemperature: \'20\'\nhumidity: \'65\'\nalmeter: PEYER 100 / AL 100\n','2016-04-12 12:41:25','2016-04-12 12:41:25'),(160,160,1,9,'---\ntest_no: 2016-1\nlab_no: 9494\niwto_no: 17-85\niwto_year: \ntemperature: \'21.5\'\nhumidity: \'62\'\nalmeter: PEYER 100 / AL 100\n','2016-04-12 12:41:26','2016-04-12 12:41:26'),(161,161,1,9,'---\ntest_no: 2016-1\nlab_no: 9496\niwto_no: 17\niwto_year: 2011\ntemperature: 20+-2\nhumidity: 65+-2\nalmeter: PEYER 100 / AL 100\n','2016-04-12 12:41:27','2016-04-12 12:41:27'),(162,162,1,9,'---\ntest_no: 2016-1\nlab_no: 9406\niwto_no: TM 47\niwto_year: \ntemperature: \'21\'\nhumidity: \'65\'\nalmeter: PEYER 100 / AL 100\n','2016-04-12 12:41:28','2016-04-12 12:41:28'),(163,163,1,9,'---\ntest_no: 2016-1\nlab_no: 9411\niwto_no: 17\niwto_year: \ntemperature: 20+/-2\nhumidity: 65+/-3\nalmeter: PEYER 100 / AL 100\n','2016-04-12 12:41:29','2016-04-12 12:41:29'),(164,164,1,9,'---\ntest_no: 2016-1\nlab_no: 9413\niwto_no: 17\niwto_year: 2011\ntemperature: \'20.6\'\nhumidity: \'66\'\nalmeter: PEYER 100 / AL 100\n','2016-04-12 12:41:29','2016-04-12 12:41:29'),(165,165,1,9,'---\ntest_no: 2016-1\nlab_no: 9414\niwto_no: IWTO-17:2011\niwto_year: \ntemperature: \'20.8\'\nhumidity: \'65.3\'\nalmeter: PEYER 100 / AL 100\n','2016-04-12 12:41:30','2016-04-12 12:41:30'),(166,166,1,9,'---\ntest_no: 2016-1\nlab_no: 9436\niwto_no: 17 / 2011\niwto_year: \ntemperature: \'23\'\nhumidity: \'62\'\nalmeter: PEYER 100 / AL 100\n','2016-04-12 12:41:32','2016-04-12 12:41:32'),(167,167,1,10,'---\ntest_no: 2016-1\nlab_no: 9418\niwto_no: IWTO-17-85(E)\niwto_year: \ntemperature: \'21.5\'\nhumidity: \'64.5\'\nalmeter: AL 2000\n','2016-04-12 12:54:10','2016-04-12 12:54:10'),(168,168,1,9,'---\ntest_no: 2016-1\nlab_no: 9483\niwto_no: 17\niwto_year: 2011\ntemperature: \'20\'\nhumidity: \'65\'\nalmeter: PEYER 100 / AL 100\n','2016-04-19 06:14:10','2016-04-19 06:14:10');
/*!40000 ALTER TABLE `participant_proceedings` ENABLE KEYS */;
UNLOCK TABLES;

--
-- Table structure for table `participants`
--

DROP TABLE IF EXISTS `participants`;
/*!40101 SET @saved_cs_client     = @@character_set_client */;
/*!40101 SET character_set_client = utf8 */;
CREATE TABLE `participants` (
  `id` int(11) NOT NULL AUTO_INCREMENT,
  `name` varchar(255) COLLATE utf8_unicode_ci DEFAULT NULL,
  `number` int(11) DEFAULT NULL,
  `roundtrial_id` int(11) DEFAULT NULL,
  `created_at` datetime NOT NULL,
  `updated_at` datetime NOT NULL,
  PRIMARY KEY (`id`),
  KEY `index_participants_on_roundtrial_id` (`roundtrial_id`)
) ENGINE=InnoDB AUTO_INCREMENT=169 DEFAULT CHARSET=utf8 COLLATE=utf8_unicode_ci;
/*!40101 SET character_set_client = @saved_cs_client */;

--
-- Dumping data for table `participants`
--

LOCK TABLES `participants` WRITE;
/*!40000 ALTER TABLE `participants` DISABLE KEYS */;
INSERT INTO `participants` VALUES (111,NULL,9423,1,'2016-04-12 12:40:12','2016-04-12 12:40:12'),(112,NULL,9426,1,'2016-04-12 12:40:13','2016-04-12 12:40:13'),(113,NULL,9427,1,'2016-04-12 12:40:13','2016-04-12 12:40:13'),(114,NULL,9429,1,'2016-04-12 12:40:14','2016-04-12 12:40:14'),(115,NULL,9430,1,'2016-04-12 12:40:15','2016-04-12 12:40:15'),(116,NULL,9433,1,'2016-04-12 12:40:16','2016-04-12 12:40:16'),(117,NULL,9434,1,'2016-04-12 12:40:16','2016-04-12 12:40:16'),(118,NULL,9435,1,'2016-04-12 12:40:17','2016-04-12 12:40:17'),(119,NULL,9441,1,'2016-04-12 12:40:18','2016-04-12 12:40:18'),(120,NULL,9442,1,'2016-04-12 12:40:19','2016-04-12 12:40:19'),(121,NULL,9443,1,'2016-04-12 12:40:20','2016-04-12 12:40:20'),(122,NULL,9448,1,'2016-04-12 12:40:21','2016-04-12 12:40:21'),(123,NULL,9450,1,'2016-04-12 12:40:22','2016-04-12 12:40:22'),(124,NULL,9451,1,'2016-04-12 12:40:22','2016-04-12 12:40:22'),(125,NULL,9452,1,'2016-04-12 12:40:23','2016-04-12 12:40:23'),(126,NULL,9457,1,'2016-04-12 12:40:24','2016-04-12 12:40:24'),(127,NULL,9458,1,'2016-04-12 12:40:25','2016-04-12 12:40:25'),(128,NULL,9460,1,'2016-04-12 12:40:26','2016-04-12 12:40:26'),(129,NULL,9462,1,'2016-04-12 12:40:27','2016-04-12 12:40:27'),(130,NULL,9472,1,'2016-04-12 12:40:28','2016-04-12 12:40:28'),(131,NULL,9474,1,'2016-04-12 12:40:29','2016-04-12 12:40:29'),(132,NULL,9475,1,'2016-04-12 12:40:30','2016-04-12 12:40:30'),(133,NULL,9478,1,'2016-04-12 12:40:30','2016-04-12 12:40:30'),(134,NULL,9481,1,'2016-04-12 12:40:31','2016-04-12 12:40:31'),(135,NULL,9488,1,'2016-04-12 12:40:32','2016-04-12 12:40:32'),(136,NULL,9490,1,'2016-04-12 12:40:33','2016-04-12 12:40:33'),(137,NULL,9495,1,'2016-04-12 12:40:34','2016-04-12 12:40:34'),(138,NULL,9482,1,'2016-04-12 12:40:35','2016-04-12 12:40:35'),(139,NULL,9437,1,'2016-04-12 12:41:10','2016-04-12 12:41:10'),(140,NULL,9447,1,'2016-04-12 12:41:11','2016-04-12 12:41:11'),(141,NULL,9467,1,'2016-04-12 12:41:12','2016-04-12 12:41:12'),(142,NULL,9489,1,'2016-04-12 12:41:12','2016-04-12 12:41:12'),(143,NULL,9493,1,'2016-04-12 12:41:13','2016-04-12 12:41:13'),(144,NULL,9463,1,'2016-04-12 12:41:13','2016-04-12 12:41:13'),(145,NULL,9420,1,'2016-04-12 12:41:14','2016-04-12 12:41:14'),(146,NULL,9428,1,'2016-04-12 12:41:15','2016-04-12 12:41:15'),(147,NULL,9431,1,'2016-04-12 12:41:16','2016-04-12 12:41:16'),(148,NULL,9432,1,'2016-04-12 12:41:16','2016-04-12 12:41:16'),(149,NULL,9439,1,'2016-04-12 12:41:17','2016-04-12 12:41:17'),(150,NULL,9461,1,'2016-04-12 12:41:18','2016-04-12 12:41:18'),(151,NULL,9468,1,'2016-04-12 12:41:19','2016-04-12 12:41:19'),(152,NULL,9476,1,'2016-04-12 12:41:19','2016-04-12 12:41:19'),(153,NULL,9479,1,'2016-04-12 12:41:20','2016-04-12 12:41:20'),(154,NULL,9402,1,'2016-04-12 12:41:21','2016-04-12 12:41:21'),(155,NULL,9405,1,'2016-04-12 12:41:22','2016-04-12 12:41:22'),(156,NULL,9425,1,'2016-04-12 12:41:23','2016-04-12 12:41:23'),(157,NULL,9438,1,'2016-04-12 12:41:23','2016-04-12 12:41:23'),(158,NULL,9445,1,'2016-04-12 12:41:24','2016-04-12 12:41:24'),(159,NULL,9459,1,'2016-04-12 12:41:25','2016-04-12 12:41:25'),(160,NULL,9494,1,'2016-04-12 12:41:26','2016-04-12 12:41:26'),(161,NULL,9496,1,'2016-04-12 12:41:27','2016-04-12 12:41:27'),(162,NULL,9406,1,'2016-04-12 12:41:28','2016-04-12 12:41:28'),(163,NULL,9411,1,'2016-04-12 12:41:29','2016-04-12 12:41:29'),(164,NULL,9413,1,'2016-04-12 12:41:29','2016-04-12 12:41:29'),(165,NULL,9414,1,'2016-04-12 12:41:30','2016-04-12 12:41:30'),(166,NULL,9436,1,'2016-04-12 12:41:32','2016-04-12 12:41:32'),(167,NULL,9418,1,'2016-04-12 12:54:10','2016-04-12 12:54:10'),(168,NULL,9483,1,'2016-04-19 06:14:10','2016-04-19 06:14:10');
/*!40000 ALTER TABLE `participants` ENABLE KEYS */;
UNLOCK TABLES;

--
-- Table structure for table `proceeding_result_schemas`
--

DROP TABLE IF EXISTS `proceeding_result_schemas`;
/*!40101 SET @saved_cs_client     = @@character_set_client */;
/*!40101 SET character_set_client = utf8 */;
CREATE TABLE `proceeding_result_schemas` (
  `id` int(11) NOT NULL AUTO_INCREMENT,
  `proceeding_id` int(11) DEFAULT NULL,
  `result_schema` text COLLATE utf8_unicode_ci,
  `metadata_schema` text COLLATE utf8_unicode_ci,
  `created_at` datetime NOT NULL,
  `updated_at` datetime NOT NULL,
  PRIMARY KEY (`id`),
  KEY `index_proceeding_result_schemas_on_proceeding_id` (`proceeding_id`)
) ENGINE=InnoDB AUTO_INCREMENT=2 DEFAULT CHARSET=utf8 COLLATE=utf8_unicode_ci;
/*!40101 SET character_set_client = @saved_cs_client */;

--
-- Dumping data for table `proceeding_result_schemas`
--

LOCK TABLES `proceeding_result_schemas` WRITE;
/*!40000 ALTER TABLE `proceeding_result_schemas` DISABLE KEYS */;
INSERT INTO `proceeding_result_schemas` VALUES (1,1,'---\nhauteur: \nbarbe: \ncv: \nshort20: \nshort30: \nshort40: \n','---\ntest_no: \nlab_no: \niwto_no: \niwto_year: \ntemperature: \nhumidity: \nalmeter: \n','2016-04-11 14:41:15','2016-04-11 14:41:15');
/*!40000 ALTER TABLE `proceeding_result_schemas` ENABLE KEYS */;
UNLOCK TABLES;

--
-- Table structure for table `proceedings`
--

DROP TABLE IF EXISTS `proceedings`;
/*!40101 SET @saved_cs_client     = @@character_set_client */;
/*!40101 SET character_set_client = utf8 */;
CREATE TABLE `proceedings` (
  `id` int(11) NOT NULL AUTO_INCREMENT,
  `roundtrial_id` int(11) DEFAULT NULL,
  `name` varchar(255) COLLATE utf8_unicode_ci DEFAULT NULL,
  `created_at` datetime NOT NULL,
  `updated_at` datetime NOT NULL,
  `last_import` datetime DEFAULT NULL,
  PRIMARY KEY (`id`),
  KEY `index_proceedings_on_roundtrial_id` (`roundtrial_id`)
) ENGINE=InnoDB AUTO_INCREMENT=2 DEFAULT CHARSET=utf8 COLLATE=utf8_unicode_ci;
/*!40101 SET character_set_client = @saved_cs_client */;

--
-- Dumping data for table `proceedings`
--

LOCK TABLES `proceedings` WRITE;
/*!40000 ALTER TABLE `proceedings` DISABLE KEYS */;
INSERT INTO `proceedings` VALUES (1,1,'2016-1','2016-04-11 14:41:15','2016-09-13 08:49:09','2016-09-13 08:49:09');
/*!40000 ALTER TABLE `proceedings` ENABLE KEYS */;
UNLOCK TABLES;

--
-- Table structure for table `roundtrials`
--

DROP TABLE IF EXISTS `roundtrials`;
/*!40101 SET @saved_cs_client     = @@character_set_client */;
/*!40101 SET character_set_client = utf8 */;
CREATE TABLE `roundtrials` (
  `id` int(11) NOT NULL AUTO_INCREMENT,
  `name` varchar(255) COLLATE utf8_unicode_ci DEFAULT NULL,
  `active` tinyint(1) DEFAULT NULL,
  `created_at` datetime NOT NULL,
  `updated_at` datetime NOT NULL,
  PRIMARY KEY (`id`)
) ENGINE=InnoDB AUTO_INCREMENT=2 DEFAULT CHARSET=utf8 COLLATE=utf8_unicode_ci;
/*!40101 SET character_set_client = @saved_cs_client */;

--
-- Dumping data for table `roundtrials`
--

LOCK TABLES `roundtrials` WRITE;
/*!40000 ALTER TABLE `roundtrials` DISABLE KEYS */;
INSERT INTO `roundtrials` VALUES (1,'2016-1',1,'2016-04-11 14:41:14','2016-04-11 14:41:14');
/*!40000 ALTER TABLE `roundtrials` ENABLE KEYS */;
UNLOCK TABLES;

--
-- Table structure for table `schema_migrations`
--

DROP TABLE IF EXISTS `schema_migrations`;
/*!40101 SET @saved_cs_client     = @@character_set_client */;
/*!40101 SET character_set_client = utf8 */;
CREATE TABLE `schema_migrations` (
  `version` varchar(255) COLLATE utf8_unicode_ci NOT NULL,
  UNIQUE KEY `unique_schema_migrations` (`version`)
) ENGINE=InnoDB DEFAULT CHARSET=utf8 COLLATE=utf8_unicode_ci;
/*!40101 SET character_set_client = @saved_cs_client */;

--
-- Dumping data for table `schema_migrations`
--

LOCK TABLES `schema_migrations` WRITE;
/*!40000 ALTER TABLE `schema_migrations` DISABLE KEYS */;
INSERT INTO `schema_migrations` VALUES ('20160118134943'),('20160118135032'),('20160118135513'),('20160118135624'),('20160118135816'),('20160118135900'),('20160118140916'),('20160119101735'),('20160120091700'),('20160120095402'),('20160120121019'),('20160309093640'),('20160309093821'),('20160309135054'),('20160309135325');
/*!40000 ALTER TABLE `schema_migrations` ENABLE KEYS */;
UNLOCK TABLES;

--
-- Table structure for table `users`
--

DROP TABLE IF EXISTS `users`;
/*!40101 SET @saved_cs_client     = @@character_set_client */;
/*!40101 SET character_set_client = utf8 */;
CREATE TABLE `users` (
  `id` int(11) NOT NULL AUTO_INCREMENT,
  `name` varchar(255) COLLATE utf8_unicode_ci DEFAULT NULL,
  `firstname` varchar(255) COLLATE utf8_unicode_ci DEFAULT NULL,
  `lastname` varchar(255) COLLATE utf8_unicode_ci DEFAULT NULL,
  `created_at` datetime NOT NULL,
  `updated_at` datetime NOT NULL,
  PRIMARY KEY (`id`)
) ENGINE=InnoDB DEFAULT CHARSET=utf8 COLLATE=utf8_unicode_ci;
/*!40101 SET character_set_client = @saved_cs_client */;

--
-- Dumping data for table `users`
--

LOCK TABLES `users` WRITE;
/*!40000 ALTER TABLE `users` DISABLE KEYS */;
/*!40000 ALTER TABLE `users` ENABLE KEYS */;
UNLOCK TABLES;
/*!40103 SET TIME_ZONE=@OLD_TIME_ZONE */;

/*!40101 SET SQL_MODE=@OLD_SQL_MODE */;
/*!40014 SET FOREIGN_KEY_CHECKS=@OLD_FOREIGN_KEY_CHECKS */;
/*!40014 SET UNIQUE_CHECKS=@OLD_UNIQUE_CHECKS */;
/*!40101 SET CHARACTER_SET_CLIENT=@OLD_CHARACTER_SET_CLIENT */;
/*!40101 SET CHARACTER_SET_RESULTS=@OLD_CHARACTER_SET_RESULTS */;
/*!40101 SET COLLATION_CONNECTION=@OLD_COLLATION_CONNECTION */;
/*!40111 SET SQL_NOTES=@OLD_SQL_NOTES */;

-- Dump completed on 2016-09-14  9:06:12
